Source,Date,Researcher,Species,Breeding,Block,Latitude,Longitude
Incidental,6/18/2025,William Legge,VGSW,AE,14-18,37.833015,-122.534859
Incidental,4/24/2024,William Legge,RTHA,AE,14-16,37.838722,-122.521421
Incidental,5/23/2023,Mark Dettling,DOWO,AE,14-15,37.84683,-122.54662
Incidental,2/25/2023,Evan Weissman,RTHA,AE,17-13,37.858174,-122.427237
Incidental,4/27/2022,Evan Weissman,RTHA,AE,17-13,37.858575,-122.427595
Incidental,3/26/2023,Sylvie Silverstein,KILL,AE,17-1,37.86087,-122.48685
Incidental,5/1/2022,David MacKenzie,PYNU,AE,14-2,37.8636,-122.5863
Incidental,5/7/2022,Evan Weissman,ACWO,AE,17-13,37.86389354,-122.4251892
Incidental,4/22/2022,Evan Weissman,NUWO,AE,17-13,37.866047,-122.434914
Incidental,4/28/2022,Evan Weissman,PYNU,AE,17-13,37.867551,-122.42519
Incidental,6/3/2023,Evan Weissman,BLPH,AE,17-13,37.86973,-122.42551
Incidental,6/18/2025,Sylvie Silverstein,WEGU,AE,16-3,37.87334,-122.46228
Incidental,6/11/2022,David MacKenzie,TRES,AE,14-2,37.8737,-122.5833
Incidental,4/13/2022,Sylvie Silverstein,ANHU,AE,13-24,37.8765,-122.5206
Incidental,4/13/2022,"Silverstein, Sylvie",ANHU,AE,13-24,37.8765,-122.5206
Incidental,4/13/2022,"Silverstein, Sylvie",ANHU,AE,13-24,37.8765,-122.5206
Incidental,4/13/2022,Sylvie Silverstein,BUSH,AE,13-24,37.8769,-122.516
Incidental,4/13/2022,"Silverstein, Sylvie",BUSH,AE,13-24,37.8769,-122.516
Incidental,6/26/2025,Rusty Scalf,WTSW,AE,13-24,37.880442,-122.516277
Incidental,6/26/2025,Rusty Scalf,NRWS,AE,13-24,37.880584,-122.516569
Incidental,4/13/2022,Sylvie Silverstein,BUSH,AE,13-24,37.8812,-122.5223
Incidental,4/13/2022,"Silverstein, Sylvie",BUSH,AE,13-24,37.8812,-122.5223
Incidental,4/7/2021,Bill Keener,BAEA,AE,16-3,37.8826,-122.4406
Incidental,7/15/2021,Ron Brown,DCCO,AE,13-24,37.88681213,-122.5146383
Incidental,4/20/2023,Lynn Perry,MODO,AE,13-24,37.89472,-122.52156
Incidental,7/2/2023,Diana Humple,BEKI,AE,10-10,37.90703,-122.68292
Incidental,4/19/2021,Carla Parkinson,MODO,AE,16-2,37.910145,-122.485385
Incidental,6/9/2021,Diana Humple,WEGU,AE,10-10,37.91016,-122.68356
Incidental,5/11/2021,Nancy Hanson,MODO,AE,13-21,37.91580456,-122.5354816
Incidental,6/28/2023,Lynn Perry,PYNU,AE,10-8,37.92138,-122.69066
Incidental,6/28/2023,Lynn Perry,TRES,AE,10-8,37.92138,-122.69067
Incidental,6/25/2023,Lynn Perry,ANHU,AE,13-19,37.922028,-122.534678
Incidental,3/31/2024,Diana Humple & Carleton Eyster,BTPI,AE,10-8,37.92697,-122.715
Incidental,6/30/2021,ronald brown,FOTE,AE,13-20,37.9338,-122.515
Incidental,3/21/2025,Maggie Brown,GHOW,AE,13-5,37.938591,-122.597454
Incidental,4/17/2022,Kati Malabed,WEBL,AE,13-18,37.9398,-122.5293
Incidental,5/13/2022,Lisa Hug,VGSW,AE,13-5,37.9465,-122.5975
Incidental,6/28/2024,"Janet Burnham, Judy Chin",HAWO,AE,13-5,37.94768,-122.59523
Incidental,4/27/2022,Lisa Hug,PIWO,AE,13-5',37.94813,-122.5957
Incidental,4/9/2022,Patricia Diluzio,BLPH,AE,13-15,37.96234,-122.55518
Incidental,5/20/2024,"Lumpkin, David",BAEA,AE,16-1,37.96436,-122.468
Incidental,5/18/2024,Rusty Scalf,HOOR,AE,16-1,37.979439,-122.477012
Incidental,5/1/2025,liz lewis for eddie molnar,CLSW,AE,13-2,37.98237,-122.57259
Incidental,5/3/2024,Rusty Scalf,BEKI,AE,16-1,37.98369167,-122.4646111
Incidental,6/28/2025,Gerry McChesney,WEGU,AE,7-13,37.984301,-122.810899
Incidental,4/10/2022,Derek Lecy,BLPH,AE,13-13,37.98529092,-122.5520392
Incidental,6/28/2025,Gerry McChesney,COMU,AE,7-13,37.987901,-122.815721
Incidental,5/31/2025,Rusty Scalf,WTSW,AE,13-13,37.994195,-122.532195
Incidental,5/31/2025,Rusty Scalf,NRWS,AE,13-13,37.994195,-122.532195
Incidental,4/2/2024,Sam Eberhard,ALHU,AE,3-11,37.99535,-122.97763
Incidental,5/18/2024,Dominik Mosur,BRBL,AE,3-11,37.997448,-122.982922
Incidental,6/28/2025,Gerry McChesney,BLOY,AE,7-13,37.998279,-122.827743
Incidental,6/28/2025,Gerry McChesney,PECO,AE,7-13,37.998312,-122.827722
Incidental,6/28/2025,Gerry McChesney,COMU,AE,7-13,37.998545,-122.82917
Incidental,6/17/2021,Nancy Hanson,VGSW,AE,10-14,37.99963464,-122.6357858
Incidental,3/19/2025,Oulana Dobrin,BTPI,AE,13-14,37.999772,-122.50779
Incidental,5/31/2025,Rusty Scalf,NRWS,AE,12-23,38.003691,-122.539845
Incidental,6/18/2025,Rusty Scalf,WTSW,AE,12-23,38.003732,-122.539438
Incidental,4/15/2025,Ann Linder,TUVU,AE,9-24,38.00561,-122.6332
Incidental,3/27/2023,Nancy Hanson,OATI,AE,9-24,38.00636988,-122.6350896
Incidental,5/4/0022,Nancy Hanson,CASJ,AE,9-24,38.00643044,-122.6350188
Incidental,6/23/2022,Bob Battagin,CALT,AE,9-24,38.00831,-122.634845
Incidental,6/12/2022,Bob Battagin,VGSW,AE,9-24,38.008355,-122.635121
Incidental,6/28/2023,Diana Humple,BHGR,AE,6-12,38.01156,-122.81512
Incidental,5/27/2022,Nancy Hanson,BLPH,AE,9-23,38.01250572,-122.6629274
Incidental,6/11/2021,Nancy Hanson,VGSW,AE,9-23,38.01262999,-122.6598732
Incidental,6/11/2021,Nancy Hanson,VGSW,AE,9-23,38.01322058,-122.6608487
Incidental,5/27/2022,Nancy Hanson,VGSW,AE,9-23,38.01337264,-122.6609539
Incidental,6/14/2024,Seth Bunnell,SSHA,AE,9-11,38.0153,-122.7244
Incidental,5/6/2025,Bob Battagin,CLSW,AE,6-24,38.016102,-122.770263
Incidental,5/6/2025,Bob Battagin,BARS,AE,6-24,38.016102,-122.770263
Incidental,6/19/2025,Kenneth Hillan,ACWO,AE,9-12,38.016366,-122.6988044
Incidental,4/17/2022,Nancy Hanson,RWBL,AE,9-23,38.01860912,-122.6775088
Incidental,5/1/2022,Nancy Hanson,WEBL,AE,9-23,38.01973392,-122.674703
Incidental,4/21/2021,Susan Kelly,WEBL,AE,12-24,38.02002,-122.52422
Incidental,5/11/0023,Susan Kelly,ACWO,AE,12-22,38.021306,-122.525839
Incidental,6/21/2021,Patricia DiLuzio,MAWR,AE,12-22,38.02859,-122.516712
Incidental,4/8/2021,Susan Kelly,CANG,AE,12-22,38.03034722,-122.5103083
Incidental,4/11/2024,Lisa Hug (MCBBA2 training),BLPH,AE,12-21,38.03071,-122.55156
Incidental,5/13/2025,Kenneth Hillan,TRES,AE,9-10,38.0310015,-122.703792
Incidental,4/4/2022,Patricia Diluzio,CORA,AE,12-22,38.03133,-122.50368
Incidental,4/11/2024,Lisa Hug (MCBBA training),RTHA,AE,12-21,38.0324,-122.55531
Incidental,4/2/2022,Patricia Diluzio,BLPH,AE,9-9,38.04026,-122.7463
Incidental,5/6/2022,Nancy Hanson,WEBL,AE,9-7,38.04333516,-122.746404
Incidental,4/2/2022,Patricia Diluzio,BUSH,AE,9-7,38.04376,-122.74816
Incidental,4/23/2021,Nancy Hanson,WEWV,AE,9-7,38.04391464,-122.7484815
Incidental,6/3/2022,Nancy Hanson,WEWP,AE,9-7,38.04415175,-122.7491793
Incidental,5/13/2022,Nancy Hanson,HOFI,AE,9-7,38.04416454,-122.7485248
Incidental,4/16/2021,Nancy Hanson,AMRO,AE,9-7,38.04418771,-122.7490226
Incidental,5/13/2022,Nancy Hanson,OSFL,AE,9-7,38.04431399,-122.7491048
Incidental,6/3/2022,Nancy Hanson,ALHU,AE,9-7,38.04435351,-122.7491602
Incidental,5/12/2022,Dave Hudson,CALT,AE,12-19,38.04688,-122.54425
Incidental,6/28/2022,Nancy Hanson,TRES,AE,6-7,38.04949185,-122.8696295
Incidental,7/3/2021,Bob Battagin,VGSW,AE,6-20,38.050147,-122.760241
Incidental,5/19/2024,David Hudson,RTHA,AE,12-20,38.05103,-122.51185
Incidental,4/23/2025,Ron Brown,WTKI,AE,12-20,38.05336,-122.51467
Incidental,6/5/2023,Susan Kelly,MODO,AE,12-19,38.06012,-122.54473
Incidental,4/10/2022,David Sexton,AMAV,AE,12-18,38.0659,-122.521
Incidental,2/27/2022,David Sexton,BAEA,AE,12-18,38.067,-122.4984
Incidental,5/5/2021,David Sexton,WEBL,AE,12-17,38.068715,-122.543607
Incidental,4/23/2022,David Sexton,VGSW,AE,3-17,38.0705,-122.9178
Incidental,2/27/2024,Beth Schriock,MODO,AE,12-17,38.07055,-122.54892
Incidental,8/10/2023,Beth Schriock,MODO,AE,12-17,38.07055,-122.54892
Incidental,4/4/2024,"Schriock, Beth",MODO,AE,12-17,38.07055,-122.549
Incidental,5/15/2022,Nancy Hanson,CLSW,AE,6-17,38.07495908,-122.811064
Incidental,6/1/2022,Bob Battagin,TRES,AE,9-5,38.078415,-122.72601
Incidental,4/22/2024,William Legge,RTHA,AE,12-17,38.078705,-122.541065
Incidental,4/22/2024,William Legge,MUSW,AE,12-17,38.078872,-122.542138
Incidental,5/8/2024,Maggie Rufo,EUST,AE,12-17,38.08028191,-122.5522775
Incidental,6/1/2025,Mike McClaskey,TRES,AE,6-6,38.08039,-122.813797
Incidental,7/5/2025,Mike McClaskey,VGSW,AE,6-6,38.080586,-122.813962
Incidental,7/20/2023,Joel Hedgpeth,WESO,AE,12-4,38.0874,-122.5804
Incidental,5/11/2022,David Sexton,CORA,AE,12-16,38.0875,-122.4987
Incidental,6/15/2021,Susan Kelly,HOSP,AE,12-15,38.09214,-122.554718
Incidental,5/11/2024,Carleton Eyster,BUSH,AE,6-3,38.09506,-122.85007
Incidental,5/5/2022,Rasia Holzman Smith,HOFI,AE,12-15,38.095992,-122.553849
Incidental,5/18/2022,Maggie Montenegro/ Rasia Holzman Smith,HOFI,AE,12-15,38.096469,-122.554478
Incidental,6/15/2023,Carolyn Longstreth,ACWO,AE,6-3,38.098793,-122.859764
Incidental,6/2/2021,Susan Kelly,TRES,AE,12-15,38.1003,-122.53464
Incidental,5/1/2024,Daphne Hatch,BAEA,AE,9-16,38.10223,-122.655461
Incidental,4/16/2024,Daphne Hatch,WBNU,AE,9-16,38.1030241,-122.6399266
Incidental,4/30/2024,Daphne Hatch,WTSW,AE,12-14,38.1052368,-122.51131
Incidental,7/13/1905,Jeanine Starritt,GRHE,AE,12-2,38.10925,-122.580123
Incidental,4/17/2025,Daphne Hatch,GBHE,AE,9-14,38.115126,-122.641403
Incidental,4/18/2022,Lisa Hug,TRES,AE,9-14,38.11624,-122.64727
Incidental,5/18/2022,Daphne Hatch,WTSW,AE,12-2,38.11801,-122.56647
Incidental,5/18/2022,Daphne Hatch,NRWS,AE,12-2,38.11801,-122.56647
Incidental,4/30/2025,Daphne Hatch,BEKI,AE,9-14,38.1182234,-122.6390257
Incidental,5/8/2021,David Sexton,BLPH,AE,12-2,38.11882,-122.564258
Incidental,4/18/2024,Rusty Scalf,TRES,AE,12-2,38.119587,-122.564172
Incidental,4/19/2022,Patricia Diluzio,EUST,AE,12-1,38.1226552,-122.6025684
Incidental,5/5/2024,Daphne Hatch,CLSW,AE,12-2,38.12269,-122.56551
Incidental,4/27/2023,Daphne Hatch,TRES,AE,11-11,38.12821,-122.595932
Incidental,6/22/2022,Nancy Hanson,VGSW,AE,9-24,38.1348061,-122.899357
Incidental,5/6/2021,Sylvie Silverstein,ACWO,AE,11-11,38.1427,-122.6036
Incidental,5/6/2021,Sylvie Silverstein,WBNU,AE,11-11,38.1428,-122.6039
Incidental,5/16/2022,"Hunn, Eugene",CLSW,AE,8-21,38.16147,-122.675
Incidental,6/11/2024,Evan Weissman,WEKI,AE,11-10,38.16343,-122.56922
Incidental,5/30/2024,David Lumpkin,HOFI,AE,2-22,38.165977,-122.900262
Incidental,5/2/2025,Scott Jennings,SOSP,AE,2-20,38.168049,-122.89958
Incidental,5/7/2021,"Hunn, Eugene",CLSW,AE,8-7,38.169064,-122.720449
Incidental,5/27/2025,David Lumpkin,BUSH,AE,2-20,38.169793,-122.898715
Incidental,5/21/2024,David Lumpkin,RTHA,AE,2-20,38.1701705,-122.8959847
Incidental,7/24/2023,Nils Warnock,AMRO,AE,2-20,38.170509,-122.899064
Incidental,6/11/2025,Rusty Scalf,TRES,AE,5-8,38.182012,-122.838584
Incidental,6/17/2022,Beth Schriock,WEGU,AE,2-8,38.1825,-122.965556
Incidental,6/7/2022,Scott Jennings,DCCO,AE,2-17,38.1971314,-122.9352479
Incidental,6/1/2021,Scott Jennings,DCCO,AE,2-17,38.19713653,-122.9352748
Incidental,4/8/2025,Lisa Hug,RSHA,AE,2-14,38.2457,-122.9055
Incidental,6/25/2024,Lisa Hug,CLSW,AE,1-22,38.27276,-122.90095
Incidental,5/10/2024,Whitney Mortimer,ABOW,AE,1-8,38.301317,-122.952543
Incidental,4/26/2025,Natalie,OATI,AE,16-3,37.89468,-122.49623
Incidental,4/25/2025,Natalie Clark,WEBL,AE,12-9,38.030404,-122.617141
Incidental,5/24/2023,Linnea Bartling,DOWO,AE,11-12,38.128566,-122.583449
Incidental,3/24/2021,Alex Merritt,NOFL,N,14-13,37.862898,-122.537796
Incidental,3/20/2022,David Sexton,PAWR,N,14-2,37.8652,-122.5764
Incidental,3/24/2024,Nancy Hanson,BEWR,N,13-22,37.89928757,-122.5199584
Incidental,3/12/2024,Natalie Clark,PAWR,N,13-5,37.947787,-122.603404
Incidental,4/26/2024,Maggie Brown,PAWR,N,9-23,38.00981,-122.68064
Incidental,4/24/2022,David Sexton,MAWR,N,12-22,38.0286,-122.5257
Incidental,3/17/2022,Bob Battagin,BEWR,N,12-21,38.030257,-122.549596
Incidental,4/30/2021,Juan Garcia,MAWR,N,6-19,38.05791,-122.80954
Incidental,3/11/2022,William Legge,RECR,NB,14-18,37.832876,-122.535256
Incidental,3/8/2022,Bob Battagin,BUSH,NB,14-15,37.833919,-122.541482
Incidental,7/21/2022,David MacKenzie,WIWA,NB,14-2,37.8635,-122.5821
Incidental,5/9/2022,David MacKenzie,BUSH,NB,14-2,37.8635,-122.5821
Incidental,5/11/2021,DAVID MACKENZIE,CALT,NB,14-2,37.863584,-122.58191
Incidental,5/6/2022,Evan Weissman,VGSW,NB,17-13,37.86762602,-122.4243865
Incidental,4/28/2022,Evan Weissman,HOFI,NB,17-13,37.869428,-122.426326
Incidental,4/10/2021,DAVID MACKENZIE,CBCH,NB,13-12,37.87849,-122.57882
Incidental,5/1/2025,Sylvie Silverstein,BRBL,NB,13-24,37.8804,-122.52634
Incidental,5/30/2023,Lynn Perry,HOFI,NB,13-24,37.89471,-122.52148
Incidental,3/17/2022,Bob Battagin,BUSH,NB,13-22,37.895863,-122.525966
Incidental,5/17/2022,Dave Hudson,CLSW,NB,13-22,37.89646,-122.52509
Incidental,5/13/0023,Natalie Clark,WEBL,NB,10-21,37.899196,-122.639304
Incidental,3/28/2024,Diana Humple,WTKI,NB,10-10,37.9037,-122.69729
Incidental,4/7/2021,Sylvie Silverstein,BUSH,NB,13-21,37.9148,-122.532
Incidental,6/27/2021,Sylvie Silverstein,ANHU,NB,13-21,37.9156,-122.5319
Incidental,3/9/0022,Nancy and Dean Hanson,BUSH,NB,10-8,37.92009863,-122.6910197
Incidental,4/24/2021,Megan Elrod,CASJ,NB,10-8,37.9206783,-122.6917408
Incidental,3/31/2024,Diana Humple & Carleton Eyster,HUVI,NB,10-8,37.92686,-122.71458
Incidental,5/10/2024,Sam Eberhard,BGGN,NB,13-8,37.9295,-122.57497
Incidental,4/28/2021,Mark Dettling,DEJU,NB,10-7,37.929777,-122.735377
Incidental,5/16/2021,Mark Dettling,HUVI,NB,10-7,37.930067,-122.735108
Incidental,3/26/2022,Mark Dettling,RBNU,NB,10-7,37.93151,-122.73677
Incidental,5/10/2024,Natalie Clark,VGSW,NB,13-19,37.936003,-122.538906
Incidental,3/15/2022,Bob Battagin,ANHU,NB,13-18,37.94393,-122.503454
Incidental,7/6/2022,Nancy Hanson,PBGR,NB,13-5,37.94776361,-122.5941349
Incidental,4/10/2022,Patricia Diluzio,AMCR,NB,13-2,37.98289,-122.56977
Incidental,,Diana Humple,BUSH,NB,10-1,37.985002,-122.747995
Incidental,4/9/2023,Rusty Scalf,HOFI,NB,16-1,37.98836389,-122.4625556
Incidental,3/27/2022,Patricia ,COHA,NB,13-13,37.98977,-122.56041
Incidental,4/16/2022,Patricia DiLuzio,CASJ,NB,13-2,37.9899016,-122.5735296
Incidental,4/20/2022,Nancy Hanson,BARS,NB,3-11,37.99582771,-123.023063
Incidental,4/20/2022,Nancy Hanson,CORA,NB,3-11,37.99655953,-123.0206969
Incidental,4/1/2023,David Hudson,AMCR,NB,7-14,37.99807,-122.759
Incidental,6/26/2024,Megan Elrod,SWTH,NB,9-12,38.011944,-122.7005
Incidental,4/16/2021,liz lewis,WEBL,NB,12-24,38.011987,-122.501644
Incidental,5/12/2023,Mark Dettling,WEFL,NB,9-12,38.01203,-122.70053
Incidental,4/16/2021,liz lewis,SOSP,NB,12-24,38.012741,-122.501602
Incidental,6/4/2021,Nancy Hanson,HOFI,NB,9-23,38.0134558,-122.6606345
Incidental,3/30/2022,Ann Linder,EUST,NB,9-23,38.0166,-122.6771
Incidental,3/21/2025,Maggie Brown,GBHE,NB,12-24,38.017321,-122.529757
Incidental,2/28/2022,Bob Battagin,BUSH,NB,12-24,38.018599,-122.523073
Incidental,4/26/2023,Bob Battagin,WEFL,NB,9-10,38.022679,-122.703849
Incidental,2/10/2023,Bob Battagin,CORA,NB,12-22,38.025187,-122.519087
Incidental,4/4/2021,Susan Kelly,CORA,NB,12-22,38.03156667,-122.5038
Incidental,4/10/2022,Ann Linder,BUSH,NB,6-21,38.0382,-122.7923
Incidental,4/10/2022,Ann Linder,COYE,NB,6-21,38.0384,-122.7907
Incidental,4/10/2022,Ann Linder,CBCH,NB,6-21,38.03857,-122.7927
Incidental,4/10/2022,Ann Linder,BLPH,NB,6-21,38.0388,-122.7859
Incidental,4/10/2022,Ann Linder,SOSP,NB,6-21,38.0389,-122.794
Incidental,5/18/2024,dominik mosur,BARS,NB,3-9,38.04025,-122.9793056
Incidental,5/3/2022,Nancy Hanson,WEWV,NB,6-21,38.04031001,-122.7958786
Incidental,3/30/2022,Ann Linder,BUSH,NB,6-21,38.0407,-122.7988
Incidental,4/29/2021,Juan Garcia,BUSH,NB,6-21,38.04096,-122.79953
Incidental,4/1/2022,Patricia Diluzio,BUSH,NB,6-21,38.04179,-122.79709
Incidental,4/29/2021,Juan Garcia,EUST,NB,6-19,38.04245,-122.80227
Incidental,5/6/2022,Nancy Hanson,WEWP,NB,9-7,38.04392931,-122.7488783
Incidental,7/9/2021,Nancy Hanson,HOFI,NB,9-7,38.04413551,-122.7480166
Incidental,6/18/2021,Nancy Hanson,CALT,NB,9-7,38.04421691,-122.74889
Incidental,6/18/2021,Nancy Hanson,CHSP,NB,9-7,38.04421691,-122.74889
Incidental,5/28/2021,Nancy Hanson,HOFI,NB,9-7,38.0442453,-122.7494581
Incidental,5/28/2021,Nancy Hanson,TRES,NB,9-7,38.04428893,-122.7492721
Incidental,6/3/2022,Nancy Hanson,VGSW,NB,9-7,38.04438358,-122.7494274
Incidental,4/7/2022,Bob Battagin,CBCH,NB,6-20,38.0488958,-122.7565806
Incidental,6/16/2021,Nancy Hanson,CLSW,NB,6-20,38.04994567,-122.7597156
Incidental,6/6/2022,Patricia Diluzio,CLSW,NB,6-20,38.0503125,-122.7597979
Incidental,4/23/2022,Bob Battagin,CORA,NB,6-20,38.050447,-122.759878
Incidental,3/8/0022,Nancy and Dean Hanson,HUVI,NB,12-20,38.05271757,-122.5121581
Incidental,4/4/2021,Juan Garcia,BUSH,NB,6-8,38.05730706,-122.8141836
Incidental,4/18/2021,Juan Garcia,PUFI,NB,6-8,38.05757717,-122.8158849
Incidental,3/29/2021,Juan Garcia,OATI,NB,6-19,38.05846368,-122.8093945
Incidental,3/28/2021,Juan Garcia,HUVI,NB,6-8,38.05906592,-122.8161295
Incidental,3/29/2021,Juan Garcia,ALHU,NB,6-8,38.05906592,-122.8161295
Incidental,4/9/2021,Susan Kelly 	,BLPH,NB,12-19,38.060218,-122.544432
Incidental,4/5/2021,Juan Garcia,WTKI,NB,6-19,38.06132041,-122.8070893
Incidental,3/5/2022,Bob Battagin,ALHU,NB,9-8,38.061424,-122.699823
Incidental,3/23/2022,Nancy Hanson,OATI,NB,9-8,38.06182561,-122.6980729
Incidental,3/5/2022,Bob Battagin,BUSH,NB,9-8,38.062203,-122.69801
Incidental,4/20/2021,Nancy Hanson,SPTO,NB,6-8,38.06226767,-122.8178691
Incidental,3/25/2022,David Sexton,NOMO,NB,12-18,38.0628,-122.4932
Incidental,4/25/2021,Juan Garcia,SOSP,NB,6-6,38.06286,-122.8168
Incidental,5/28/2021,Juan Garcia,SOSP,NB,6-6,38.06294,-122.81494
Incidental,7/17/2022,Beth Schriock,AMRO,NB,12-17,38.0674,-122.55454
Incidental,4/23/2022,Nancy Hanson,EUST,NB,6-17,38.06862017,-122.8089603
Incidental,5/3/2022,Bob Battagin,BUSH,NB,6-17,38.070464,-122.799437
Incidental,4/11/2024,Rusty Scalf,BRBL,NB,9-17,38.0729444,-122.678372
Incidental,4/10/2022,Nancy Hanson,CLSW,NB,6-17,38.07476516,-122.8110937
Incidental,1/18/2023,David Tomb,RSHA,NB,12-18,38.0788647,-122.527996
Incidental,5/15/2022,Nancy Hanson,WEBL,NB,6-6,38.08279397,-122.8147095
Incidental,3/8/2022,Sylvie Silverstein,BUSH,NB,12-6,38.0829,-122.5934
Incidental,4/4/2022,David Sexton,AMCR,NB,6-17,38.0829,-122.8039
Incidental,5/26/2022,Joel Hedgpeth,CBCH,NB,12-4,38.08732,-122.580383
Incidental,3/28/2024,Daphne Hatch,GTGR,NB,12-15,38.090241,-122.557975
Incidental,7/28/2021,Bob Battagin,SPTO,NB,6-16,38.092073,-122.754252
Incidental,4/21/2022,Nancy Hanson,BLPH,NB,12-3,38.09215497,-122.5976874
Incidental,4/15/2022,Lisa Michl,BUSH,NB,12-15,38.0926145,-122.5391053
Incidental,3/11/2022,Sylvie Silverstein,WEBL,NB,12-15,38.0936,-122.5366
Incidental,3/13/2022,Bob Battagin,OATI,NB,12-15,38.095646,-122.534152
Incidental,4/9/2021,Tom Gardali,CORA,NB,6-3,38.1009,-122.85557
Incidental,4/3/2021,"Colasanti, Peter",CORA,NB,6-2,38.105218,-122.840183
Incidental,4/3/2021,"Colasanti, Peter",CORA,NB,6-2,38.10522,-122.8402
Incidental,3/18/2025,Daphne Hatch,WTKI,NB,9-13,38.1113084,-122.6574489
Incidental,7/18/2022,Daphne Hatch,AMCO,NB,9-14,38.114254,-122.649851
Incidental,4/18/2022,Lisa Hug,BUOR,NB,9-14,38.11623,-122.64703
Incidental,4/18/2022,Lisa Hug,TRES,NB,9-14,38.11746,-122.64658
Incidental,4/18/2024,Rusty Scalf,HOFI,NB,12-13,38.121365,-122.560921
Incidental,5/24/2023,ron brown,BARS,NB,3-13,38.1236,-122.9353
Incidental,7/7/2024,Diana Humple,MODO,NB,11-11,38.12972,-122.60316
Incidental,4/9/2022,Lisa Hug,LEGO,NB,11-11,38.131772,-122.606766
Incidental,3/16/2022,Daphne Hatch,LASP,NB,11-11,38.1375629,-122.6045878
Incidental,5/8/2022,Larry nigro,NOHA,NB,2-10,38.15197,-122.94029
Incidental,5/10/2021,"Lumpkin, David",AMCR,NB,2-22,38.16585363,-122.8990791
Incidental,4/5/2022,David Lumpkin,SOSP,NB,2-22,38.165993,-122.897776
Incidental,6/16/2021,"Lumpkin, David",AMGO,NB,2-22,38.166107,-122.900068
Incidental,5/9/2023,Nils Warnock,MODO,NB,2-20,38.170502,-122.899063
Incidental,4/10/2024,David Lumpkin,PYNU,NB,2-20,38.171037,-122.901219
Incidental,4/24/2024,William Legge,KILL,NE,14-18,37.829463,-122.535017
Incidental,6/22/2021,Jim White/ Kathy Johnston,BEWR,NE,14-2,37.8605,-122.5811
Incidental,5/30/2023,Lynn Perry,HOFI,NE,13-24,37.89471,-122.52148
Incidental,5/7/2021,"Lamphier, Joan",HOFI,NE,10-21,37.9001,-122.6458
Incidental,5/19/2021,Scott Jennings,DCCO,NE,10-10,37.91129522,-122.6850683
Incidental,4/3/2021,"Ford, Brandy",MODO,NE,16-2,37.91397,-122.4915
Incidental,4/3/2021,"Ford, Brandy",MODO,NE,16-2,37.913972,-122.491491
Incidental,5/25/2022,Mark Dettling,HOFI,NE,10-7,37.92968,-122.73562
Incidental,4/17/2022,Mark Dettling,OCWA,NE,10-7,37.93167,-122.74092
Incidental,4/9/2022,Patricia Diluzio,DEJU,NE,13-15,37.96234,-122.55518
Incidental,6/3/2022,Scott Jennings,GBHE,NE,16-1,37.9649794,-122.4695579
Incidental,5/6/2024,Maggie Brown,WEFL,NE,13-4,37.96699,-122.59029
Incidental,5/22/2025,Asher Leeming,WEFL,NE,13-4,37.9726675,-122.5841061
Incidental,5/27/2022,Gerry McChesney,COMU,NE,3-11,37.992176,-122.98601
Incidental,5/27/2022,Gerry McChesney,WEGU,NE,3-11,37.992176,-122.98601
Incidental,5/7/2022,Ann Linder,TUVU,NE,9-24,38.0056,-122.6331
Incidental,6/19/2021,Ann Linder,TUVU,NE,9-24,38.00564,-122.63319
Incidental,6/6/2023,Mark Dettling,DEJU,NE,9-12,38.01197,-122.70003
Incidental,3/23/2024,Megan Elrod,ALHU,NE,9-12,38.012081,-122.70042
Incidental,6/2/2021,Kenneth Hillan,WITU,NE,9-10,38.0293728,-122.7065654
Incidental,6/14/2022,Renee Cormier,CEDW,NE,6-7,38.043541,-122.862689
Incidental,5/10/2021,Nancy Hanson,AMRO,NE,6-20,38.05030219,-122.7599154
Incidental,4/9/2023,Russell Scalf,ANHU,NE,6-5,38.07543889,-122.8519861
Incidental,4/8/2022,Bob Battagin,GBHE,NE,9-5,38.07578833,-122.7309623
Incidental,3/19/2022,Janet Bodle,GREG,NE,12-18,38.08007504,-122.5266028
Incidental,7/16/2025,Ron Brown,AMGO,NE,3-6,38.08161,-122.95681
Incidental,2/12/2024,Jim Spaulding,ABOW,NE,12-16,38.0844093,-122.5194217
Incidental,5/16/2023,Joel Hedgpeth,WEFL,NE,12-4,38.0874,-122.5804
Incidental,4/24/2025,Bob Battagin,KILL,NE,6-16,38.094111,-122.756382
Incidental,5/24/2024,Ben DeDominic,KILL,NE,3-15,38.0945698,-122.9293104
Incidental,3/11/2022,Sylvie Silverstein,ANHU,NE,12-15,38.0978,-122.5352
Incidental,4/24/2021,Jeanine Starritt,HOFI,NE,12-2,38.105728,-122.580204
Incidental,4/18/2024,Rusty Scalf,MUSW,NE,11-23,38.130798,-122.552155
Incidental,5/30/2024,David Lumpkin,MODO,NE,2-20,38.170122,-122.8988419
Incidental,5/6/2025,Jim Jensen,KILL,NE,2-14,38.243796,-122.898797
Incidental,5/25/2021,"Browne, Brian",ABOW,NU,13-17,37.9485481,-122.546979
Incidental,5/26/2024,ron brown,WITU,NU,10-1,37.98045,-122.73603
Incidental,7/11/2025,Ann Linder,HOOR,NU,13-1,37.99695,-122.5992
Incidental,7/16/2021,"Hunn, Eugene",CASJ,NU,9-8,38.052236,-122.690455
Incidental,7/16/2021,"Hunn, Eugene",CASJ,NU,9-8,38.05224,-122.6905
Incidental,7/23/2023,Rusty Scalf,CLSW,NU,9-8,38.06155278,-122.697525
Incidental,7/5/2021,"Hunn, Eugene",CLSW,NU,8-21,38.166112,-122.665089
Incidental,6/11/2025,Rusty Scalf,WEBL,NU,5-8,38.183539,-122.83981
Incidental,6/4/2023,William Legge,ANHU,NY,14-18,37.829639,-122.530154
Incidental,6/18/2023,Sylvie Silverstein,VGSW,NY,17-3,37.8367,-122.48037
Incidental,5/10/2022,Evan Weissman,RTHA,NY,17-13,37.85825534,-122.4274076
Incidental,5/12/2023,Mark Dettling,CBCH,NY,14-2,37.86474,-122.57578
Incidental,6/9/2022,Mark Dettling,BHGR,NY,14-2,37.868086,-122.580062
Incidental,6/16/2023,Evan Weissman,BLPH,NY,17-13,37.86974,-122.42551
Incidental,6/2/2021,Patti Blumin,GBHE,NY,16-3,37.88106593,-122.4430549
Incidental,6/20/2022,Patti Blumin,GBHE,NY,16-3,37.88109131,-122.4429053
Incidental,7/13/1905,William Legge,OATI,NY,13-23,37.881676,-122.534418
Incidental,4/10/2022,William Legge,OATI,NY,13-23,37.88196,-122.53428
Incidental,5/14/2021,Bill Keener,BAEA,NY,16-3,37.882921,-122.440995
Incidental,6/4/2021,Ron Brown,GBHE,NY,13-24,37.88691268,-122.5147682
Incidental,6/20/2021,Ron Brown,GREG,NY,13-24,37.88695501,-122.5146984
Incidental,7/1/2022,Sylvie Silverstein,GBHE,NY,13-24,37.8873,-122.5144
Incidental,7/1/2022,Sylvie Silverstein,GREG,NY,13-24,37.8873,-122.5144
Incidental,7/1/2022,Sylvie Silverstein,DCCO,NY,13-24,37.8873,-122.5144
Incidental,6/5/2022,Ron Brown,DCCO,NY,13-24,37.88750546,-122.5139731
Incidental,5/13/2022,Ron Brown,GBHE,NY,13-24,37.88750546,-122.5139731
Incidental,5/13/2022,Ron Brown,GREG,NY,13-24,37.88750546,-122.5139731
Incidental,5/4/2021,Sylvie Silverstein,GHOW,NY,13-24,37.8929,-122.5105
Incidental,7/26/2023,Robert Hinz,NOMO,NY,13-24,37.89572,-122.50514
Incidental,6/14/2022,Natalie Clark,BLPH,NY,10-21,37.899284,-122.639752
Incidental,5/2/2023,ron brown,DOWO,NY,13-22,37.905,-122.5249
Incidental,1/5/2023,ron brown,AMCR,NY,13-22,37.90546,-122.52482
Incidental,5/8/2023,Ron Brown,NUWO,NY,13-22,37.9055,-122.524
Incidental,5/6/2022,Patti Blumin,GBHE,NY,16-2,37.90889058,-122.4772805
Incidental,6/2/2021,Scott Jennings,GBHE,NY,10-10,37.911292,-122.68505
Incidental,5/27/2021,Scott Jennings,GREG,NY,10-10,37.911292,-122.68505
Incidental,6/29/2022,Scott Jennings,DCCO,NY,10-10,37.91154835,-122.685141
Incidental,5/4/2022,Scott Jennings,GBHE,NY,10-10,37.91154835,-122.685141
Incidental,6/15/2022,Scott Jennings,GREG,NY,10-10,37.91154835,-122.685141
Incidental,7/3/2023,Diana Humple,NOFL,NY,13-9,37.91162,-122.61546
Incidental,6/20/2024,Sylvie Silverstein,HAWO,NY,13-22,37.91305,-122.52249
Incidental,6/2/2024,Lynn Perry,GHOW,NY,13-20,37.918324,-122.529587
Incidental,7/14/2023,Lynn Perry,COHA,NY,13-20,37.918853,-122.531001
Incidental,7/16/2021,Sylvie Silverstein,HOFI,NY,13-20,37.9289,-122.5144
Incidental,7/8/2021,ronald brown,FOTE,NY,13-20,37.9338,-122.515
Incidental,5/9/2021,Natalie Clark,HOFI,NY,13-19,37.935125,-122.538997
Incidental,5/19/2024,Sam Eberhard,BEKI,NY,10-18,37.9409,-122.63869
Incidental,4/27/2022,Lisa Hug,DEJU,NY,13-5,37.9458,-122.5957
Incidental,5/21/2025,Maggie Brown,ACWO,NY,13-6,37.9561755,-122.5850583
Incidental,6/29/2023,Maggie Brown,HETH,NY,13-4,37.95995,-122.59301
Incidental,5/9/2021,Patricia DiLuzio,BLPH,NY,13-15,37.963446,-122.554631
Incidental,4/16/2025,Skip Niesen,MODO,NY,13-16,37.96416635,-122.4937529
Incidental,3/9/2022,Skip Niesen,ANHU,NY,13-16,37.96622615,-122.496502
Incidental,5/22/2025,Asher Leeming,RTHA,NY,13-4,37.97267675,-122.5841744
Incidental,4/11/2024,Sam Eberhard,ANHU,NY,10-16,37.97871,-122.64403
Incidental,6/28/2025,Gerry McChesney,PECO,NY,7-13,37.980893,-122.810298
Incidental,4/16/2022,Bonnie Marks,OATI,NY,13-14,37.98372,-122.51107
Incidental,5/19/2023,Bonnie Marks,OATI,NY,13-14,37.98381,-122.51096
Incidental,6/28/2025,Gerry McChesney,BRAC,NY,7-13,37.987901,-122.815721
Incidental,5/7/2024,Natalie Clark,OATI,NY,13-2,37.99065,-122.58244
Incidental,4/24/2023,Ron Brown,WTKI,NY,16-1,37.99192,-122.46524
Incidental,5/27/2022,Gerry McChesney,BRAC,NY,3-11,37.992176,-122.98601
Incidental,5/18/2024,Dominik Mosur,EUST,NY,3-11,37.997222,-123.017515
Incidental,7/19/2023,Arlette Cohen,WEBL,NY,13-13,37.998122,-122.550567
Incidental,6/10/2025,Arlette Cohen / Rusty Scalf,TRES,NY,13-13,37.998155,-122.550579
Incidental,8/6/2023,Arlette Cohen,CALT,NY,13-13,37.998522,-122.550358
Incidental,6/4/2025,Sylvie Silverstein,HOSP,NY,12-23,38.00346,-122.54336
Incidental,6/3/2022,Ann Linder,RSHA,NY,9-24,38.00558,-122.63163
Incidental,7/5/2021,Ann Linder,TUVU,NY,9-24,38.00564,-122.63319
Incidental,5/20/2022,Ann Linder,AMCR,NY,9-24,38.00594,-122.63351
Incidental,7/29/2023,liz lewis,OSPR,NY,15-11,38.007098,-122.473972
Incidental,5/5/2021,Nancy Hanson,EUST,NY,9-24,38.00745489,-122.6361352
Incidental,6/23/2021,Bob Battagin,VGSW,NY,9-24,38.008295,-122.634991
Incidental,6/19/2022,Gerry McChesney,WEGU,NY,6-9,38.009591,-122.843963
Incidental,7/13/1905,Terence Carroll,ACWO,NY,9-23,38.01081,-122.68696
Incidental,6/1/2025,Brian Cullinane,ATFL,NY,9-24,38.01247,-122.65508
Incidental,5/1/2021,Luanna Helfman,GBHE,NY,12-24,38.01728847,-122.5297568
Incidental,6/17/2021,Luanna Helfman,GREG,NY,12-24,38.01728847,-122.5297568
Incidental,4/30/2022,Luanna Helfman,GBHE,NY,12-24,38.0172993,-122.5298106
Incidental,6/19/2022,Luanna Helfman,GREG,NY,12-24,38.0172993,-122.5298106
Incidental,6/1/2025,Ann Linder,WEBL,NY,9-23,38.01745,-122.67289
Incidental,5/31/2024,dominik mosur,GHOW,NY,3-9,38.025,-122.9908611
Incidental,7/11/2023,David Sexton,WEBL,NY,3-10,38.0289,-122.9616
Incidental,6/6/2022,Stephanie Romano,GBHE,NY,12-22,38.03418076,-122.5258284
Incidental,6/21/2021,David Lumpkin,GBHE,NY,3-10,38.03523975,-122.9409325
Incidental,6/21/2021,David Lumpkin,GREG,NY,3-10,38.03523975,-122.9409325
Incidental,6/20/2022,Scott Jennings,GBHE,NY,3-10,38.03524985,-122.9409083
Incidental,6/20/2022,Scott Jennings,GREG,NY,3-10,38.03524985,-122.9409083
Incidental,5/31/2023,Nancy Hanson,CASJ,NY,12-9,38.03782743,-122.6235677
Incidental,6/30/2024,"Diana Humple, Carleton Eyster, and visiting friends",OSFL,NY,9-9,38.03881,-122.74658
Incidental,6/28/2023,Diana Humple,CORA,NY,6-10,38.03986,-122.82802
Incidental,6/1/2024,Ann Linder,RTHA,NY,9-22,38.04036,-122.62635
Incidental,6/5/2023,Rusty Scalf,WEBL,NY,6-21,38.04121944,-122.8002583
Incidental,7/9/2021,Nancy Hanson,WEFL,NY,9-7,38.04407426,-122.748557
Incidental,5/29/2022,Nancy Hanson,AMRO,NY,9-7,38.04421505,-122.7484016
Incidental,6/3/2022,Nancy Hanson,CHSP,NY,9-7,38.04436916,-122.7491814
Incidental,5/19/2022,Dave Hudson,CALT,NY,12-19,38.04543,-122.54398
Incidental,7/11/2022,Dave Hudson,HOFI,NY,12-19,38.04814,-122.54852
Incidental,7/16/2021,"Hunn, Eugene",VGSW,NY,9-8,38.0504,-122.6906
Incidental,7/16/2021,"Hunn, Eugene",VGSW,NY,9-8,38.050401,-122.690614
Incidental,6/3/2022,Scott Jennings,GBHE,NY,12-20,38.05323006,-122.5147525
Incidental,6/22/2024,Mark Dettling,CHSP,NY,6-20,38.059564,-122.771319
Incidental,4/22/2024,Sylvia Hunt,ABOW,NY,12-20,38.05975,-122.5191944
Incidental,7/23/2023,Rusty Scalf,HOSP,NY,9-8,38.06155278,-122.697525
Incidental,7/2/2022,Lisa Hug,VGSW,NY,6-6,38.066,-122.8303
Incidental,3/25/2022,David Sexton,BAEA,NY,12-18,38.0666,-122.4985
Incidental,5/11/2023,Rusty Scalf,BRBL,NY,6-17,38.06792778,-122.8054222
Incidental,5/21/2021,Ann Linder,GBHE,NY,9-5,38.07570259,-122.7307822
Incidental,6/1/2022,Bob Battagin,ABOW,NY,9-5,38.077227,-122.725449
Incidental,6/28/2022,Janet Bodle,GBHE,NY,12-18,38.07733536,-122.5311361
Incidental,6/18/2022,Janet Bodle,GREG,NY,12-18,38.07733536,-122.5311361
Incidental,11/20/2023,Lisa Eiselin,ABOW,NY,12-18,38.07745,-122.5168
Incidental,6/1/2022,Bob Battagin,RTHA,NY,9-5,38.078384,-122.726218
Incidental,5/2/2022,Barbara Wechsberg,GBHE,NY,6-6,38.07974583,-122.8143286
Incidental,5/11/2022,Barbara Wechsberg,GREG,NY,6-6,38.07978686,-122.8140681
Incidental,5/24/2021,David Lumpkin,GREG,NY,6-6,38.07982962,-122.814225
Incidental,5/24/2021,David Lumpkin,GBHE,NY,6-6,38.07982962,-122.814225
Incidental,5/11/2023,Rusty Scalf,CLSW,NY,6-6,38.07993056,-122.8170944
Incidental,6/6/2021,Janet Bodle,GBHE,NY,12-18,38.08013751,-122.5263803
Incidental,6/19/2021,Janet Bodle,GREG,NY,12-18,38.08013751,-122.5263803
Incidental,7/1/2025,Mike McClaskey,SPTO,NY,6-6,38.080889,-122.814025
Incidental,6/12/2023,Bob Battagin,LASP,NY,9-5,38.081053,-122.726791
Incidental,6/4/2022,Janet Bodle,GBHE,NY,12-18,38.08278072,-122.5172714
Incidental,6/18/2022,Janet Bodle,GREG,NY,12-18,38.08278072,-122.5172714
Incidental,5/29/2022,Nancy Hanson,WEBL,NY,6-6,38.08284601,-122.8146211
Incidental,7/24/2022,Nancy Hanson,VGSW,NY,6-6,38.08285487,-122.814614
Incidental,5/29/0022,Nancy Hanson,ABOW,NY,6-6,38.08301891,-122.8143135
Incidental,6/23/2023,Bob Battagin,EUST,NY,3-4,38.084507,-122.954432
Incidental,6/29/2022,Bob Battagin,GBHE,NY,9-3,38.08476899,-122.7259941
Incidental,5/18/2023,Ryan DiGaudio,SAVS,NY,6-16,38.086023,-122.7685
Incidental,6/22/2022,David Sexton,CORA,NY,12-16,38.0875,-122.4986
Incidental,6/15/2021,Susan Kelly,BARS,NY,12-15,38.09214,-122.554718
Incidental,5/23/2022,David Wimpfheimer,NOFL,NY,3-4,38.092498,-122.94339
Incidental,6/2/2023,Bob Battagin,WEBL,NY,3-4,38.093931,-122.945635
Incidental,7/1/2025,Kris Wiskes,COHA,NY,12-3,38.09408333,-122.6046667
Incidental,6/6/2023,Carolyn Longstreth,BAEA,NY,6-3,38.0944169,-122.85644
Incidental,6/6/2023,Carolyn Longstreth,BAEA,NY,6-3,38.0944169,-122.85644
Incidental,6/19/2023,Carolyn LOngstreth ,COHA,NY,6-3,38.095867,-122.867616
Incidental,7/5/2024,Carolyn Longstreth,COHA,NY,6-3,38.095867,-122.867616
Incidental,6/7/2021,Joel Hedgpeth,BARS,NY,12-4,38.097618,-122.571172
Incidental,5/1/2021,Tom Gardali,CBCH,NY,6-3,38.09856,-122.86053
Incidental,5/20/2022,Bob Atwood,BAEA,NY,9-16,38.101522,-122.65232
Incidental,5/20/2024,Maggie Rufo,RSHA,NY,12-16,38.10402769,-122.4980545
Incidental,6/17/2021,Jeanine Starritt,HOFI,NY,12-2,38.105728,-122.580204
Incidental,7/20/2024,Ryan DiGaudio,PUMA,NY,3-14,38.107576,-122.878491
Incidental,6/26/2022,Susan Kelly,HOSP,NY,12-2,38.11209518,-122.567812
Incidental,7/10/2024,SARAH ALLEN,OSPR,NY,3-14,38.112144,-122.883874
Incidental,5/1/2024,Daphne Hatch and Susan Kelly,GHOW,NY,9-14,38.116214,-122.648264
Incidental,5/31/2025,Linnea Bartling,GHOW,NY,12-1,38.11677,-122.6008
Incidental,5/7/2024,Maggie Rufo,TRES,NY,12-13,38.12075806,-122.5620524
Incidental,6/20/2025,Sarah Allen,WEGU,NY,2-24,38.125693,-122.881381
Incidental,5/15/2025,Daphne Hatch,AMKE,NY,11-11,38.128488,-122.594137
Incidental,4/15/2025,Daphne Hatch for Bart Bundesen,ABOW,NY,11-11,38.132164,-122.623897
Incidental,6/21/2021,"Lumpkin, David",EUST,NY,2-22,38.165366,-122.8996966
Incidental,6/21/2021,"Lumpkin, David",PYNU,NY,2-22,38.1653723,-122.8997034
Incidental,6/16/2025,David,ATFL,NY,2-22,38.165982,-122.897332
Incidental,5/7/2021,"Hunn, Eugene",EUST,NY,8-7,38.169366,-122.720573
Incidental,5/28/2021,Beth Schriock,PEFA,NY,2-8,38.18222222,-122.9652778
Incidental,6/29/2022,"Hunn, Eugene",ABOW,NY,8-19,38.18331,-122.668
Incidental,6/21/2021,"Lumpkin, David",OSPR,NY,2-17,38.1891454,-122.9140969
Incidental,6/26/2023,David Lumpkin,BEKI,NY,2-2,38.217018,-122.949425
Incidental,5/12/2022,Ellen Blustein,GBHE,NY,2-2,38.22855244,-122.9496022
Incidental,5/27/2021,David Lumpkin,GBHE,NY,2-2,38.22910589,-122.9495108
Incidental,5/24/2024,Lisa Hug,NUWO,NY,1-22,38.28429,-122.887481
Incidental,6/9/2023,Scott Jennings,WREN,NY,2-20,38.168665,-122.898516
Incidental,4/20/2025,Sylvie Silverstein,ANHU,AE,16-3,37.87788,-122.4576
Incidental,4/15/2023,Rusty Scalf,BARS,AE,6-6,38.06944722,-122.8248444
Incidental,5/13/2025,Kenneth Hillan,ACWO,N,9-10,38.0327582,-122.7037712
Incidental,6/24/2022,Nancy Hanson submitted by Patricia Diluzio,LEGO,NB,9-7,38.0442267,-122.7486409
Incidental,4/19/2025,Bob Battagin,LAGO,NB,12-1,38.12044409,-122.6138476
Incidental,5/20/2022,Mark Dettling,MODO,NY,13-12,37.87698,-122.58133
Incidental,6/6/2023,Carolyn Longstreth,BAEA,NY,6-3,38.096631,-122.856253
AKN,4/15/2021,"Kelly, Susan",BEWR,NY,'12-22,38.02069,-122.52401
AKN,4/15/2021,"Colasanti, Peter",COYE,NB,'5-11,38.125731,-122.860408
AKN,4/15/2021,"Colasanti, Peter",WCSP,NB,'5-11,38.138706,-122.871646
AKN,4/15/2021,"Colasanti, Peter",WCSP,NB,'5-11,38.140935,-122.873998
AKN,4/15/2021,"Sexton, David",EUST,AE,'12-20,38.0598,-122.5191
AKN,4/15/2021,"Sexton, David",HOFI,NB,'12-20,38.0575,-122.5193
AKN,4/15/2021,"White, Jim",ABOW,NE,'14-2,37.865,-122.5744
AKN,4/15/2021,"Wiskes, Kris",OATI,NB,'12-3,38.094179,-122.605019
AKN,4/15/2021,"Wiskes, Kris",BUSH,NB,'12-3,38.094179,-122.605019
AKN,4/15/2021,"Wiskes, Kris",SPTO,NB,'12-3,38.094179,-122.605019
AKN,4/15/2021,"Wiskes, Kris",BEWR,NB,'12-3,38.094179,-122.605019
AKN,4/15/2021,"Wiskes, Kris",ALHU,NB,'12-3,38.094179,-122.605019
AKN,4/15/2021,"Wiskes, Kris",LEGO,NB,'12-3,38.094179,-122.605019
AKN,4/15/2021,"Wiskes, Kris",ANHU,NB,'12-3,38.094179,-122.605019
AKN,4/16/2021,"Hunn, Eugene",GBHE,AE,'8-8,38.194725,-122.702927
AKN,4/16/2021,"Hunn, Eugene",GREG,AE,'8-8,38.194725,-122.702927
AKN,4/16/2021,"Kelly, Susan",TRES,AE,'12-22,38.02337,-122.52097
AKN,4/16/2021,"Kelly, Susan",CLSW,AE,'12-22,38.02237,-122.52357
AKN,4/16/2021,"Merritt, Alex",SOSP,NB,'14-15,37.852398,-122.538547
AKN,4/16/2021,"Merritt, Alex",BUSH,NB,'14-13,37.858096,-122.538645
AKN,4/16/2021,"Sabbag, Dede",WEBL,NB,'5-17,38.2072,-122.7946
AKN,4/16/2021,"White, Jim",CBCH,NB,'14-2,37.8623,-122.5755
AKN,4/16/2021,"Wiskes, William",HOFI,NB,'12-3,38.099024,-122.624823
AKN,4/17/2021,"Humple, Diana",SOSP,NB,'10-10,37.90378,-122.70032
AKN,4/17/2021,"Hunn, Eugene",RTHA,AE,'11-8,38.173232,-122.571583
AKN,4/17/2021,"Hunn, Eugene",EUST,AE,'8-8,38.19405,-122.709522
AKN,4/17/2021,"Hunn, Eugene",WEBL,AE,'8-8,38.191413,-122.712856
AKN,4/17/2021,"Hunn, Eugene",BRBL,NB,'8-8,38.196838,-122.71046
AKN,4/17/2021,"Hunn, Eugene",CLSW,NB,'8-8,38.191585,-122.713457
AKN,4/17/2021,"Kelly, Susan",CORA,AE,'12-22,38.03116,-122.50359
AKN,4/17/2021,"Kelly, Susan",BEWR,AE,'12-22,38.0262,-122.51563
AKN,4/17/2021,"Kelly, Susan",MUSW,AE,'12-22,38.02571,-122.51684
AKN,4/17/2021,"Kelly, Susan",HOFI,NB,'12-22,38.02961,-122.51251
AKN,4/17/2021,"Kelly, Susan",BLPH,NB,'12-22,38.02553,-122.51739
AKN,4/17/2021,"Kelly, Susan",CLSW,NB,'12-22,38.02554,-122.51768
AKN,4/17/2021,"Sexton, David",MUSW,AE,'12-18,38.0732,-122.5254
AKN,4/17/2021,"Sexton, David",MUSW,AE,'12-18,38.078,-122.5275
AKN,4/17/2021,"Silverstein, Sylvie",ROPI,AE,'13-24,37.8952,-122.5185
AKN,4/17/2021,"Silverstein, Sylvie",CORA,AE,'13-24,37.8933,-122.5225
AKN,4/18/2021,"Gardali, Tom",BUSH,NB,'6-3,38.100853,-122.861312
AKN,4/18/2021,"Gardali, Tom",ALHU,NB,'6-3,38.100853,-122.861312
AKN,4/18/2021,"Gardali, Tom",ALHU,NY,'6-3,38.101359,-122.859945
AKN,4/18/2021,"Hatch, Daphne",VGSW,AE,'11-11,38.125754,-122.607974
AKN,4/18/2021,"Hatch, Daphne",BGGN,NB,'11-11,38.125657,-122.608032
AKN,4/18/2021,"lewis, liz",SOSP,NB,'16-1,37.985186,-122.465424
AKN,4/19/2021,"Dettling, Mark",CBCH,NE,'10-7,37.92974,-122.73514
AKN,4/19/2021,"Wiskes, Kris",PUFI,NB,'12-3,38.094179,-122.605019
AKN,4/19/2021,"Wiskes, Kris",BEWR,NB,'12-3,38.094179,-122.605019
AKN,4/19/2021,"Wiskes, Kris",WEBL,NB,'12-3,38.094179,-122.605019
AKN,4/19/2021,"Wiskes, Kris",ANHU,NY,'12-3,38.094179,-122.605019
AKN,4/20/2021,"Dettling, Mark",ALHU,NB,'10-7,37.93628,-122.73764
AKN,4/20/2021,"Michl, Lisa",COHA,AE,'12-15,38.0977518,-122.534843
AKN,4/20/2021,"Michl, Lisa",OATI,NB,'12-15,38.0975993,-122.5328236
AKN,4/20/2021,"Michl, Lisa",BUSH,NB,'12-15,38.098424,-122.535345
AKN,4/20/2021,"Michl, Lisa",DEJU,NB,'12-15,38.101201,-122.535455
AKN,4/20/2021,"Michl, Lisa",LEGO,NB,'12-15,38.0937937,-122.5383028
AKN,4/20/2021,"Silverstein, Sylvie",PYNU,NB,'13-24,37.8852,-122.5058
AKN,4/20/2021,"Silverstein, Sylvie",DEJU,NB,'13-24,37.8908,-122.5107
AKN,4/21/2021,"Cochrane, Connor",AMRO,AE,'13-5,37.9462498,-122.5974099
AKN,4/21/2021,"Cochrane, Connor",ACWO,AE,'13-5,37.941202,-122.6086815
AKN,4/21/2021,"Cochrane, Connor",BTYW,NB,'13-5,37.9547192,-122.6157766
AKN,4/21/2021,"Cochrane, Connor",KILL,NE,'13-5,37.9572348,-122.6139923
AKN,4/21/2021,"Cochrane, Connor",ANHU,NY,'13-5,37.9551117,-122.6154199
AKN,4/21/2021,"Hatch, Daphne",WEKI,AE,'11-11,38.138023,-122.606931
AKN,4/21/2021,"Hatch, Daphne",BUOR,NB,'11-11,38.137624,-122.603106
AKN,4/21/2021,"Humple, Diana",EUST,AE,'10-8,37.9217,-122.69002
AKN,4/21/2021,"Hunn, Eugene",CORA,AE,'8-19,38.186175,-122.662657
AKN,4/21/2021,"Hunn, Eugene",WBNU,AE,'8-19,38.182693,-122.669492
AKN,4/21/2021,"Hunn, Eugene",VGSW,AE,'8-19,38.181311,-122.66993
AKN,4/21/2021,"Hunn, Eugene",OATI,NY,'8-19,38.180335,-122.669625
AKN,4/21/2021,"Kelly, Susan",CLSW,AE,'12-22,38.02381,-122.51894
AKN,4/21/2021,"Kelly, Susan",TRES,AE,'12-22,38.02291,-122.52015
AKN,4/21/2021,"Kelly, Susan",WEBL,AE,'12-22,38.02291,-122.52015
AKN,4/21/2021,"Sexton, David",RTHA,AE,'12-18,38.0739,-122.4913
AKN,4/22/2021,"Garcia, Juan",OATI,AE,'6-19,38.05809,-122.80928
AKN,4/22/2021,"Gedney, Jack",DEJU,NB,'12-6,38.08068,-122.59336
AKN,4/23/2021,"Dettling, Mark",PYNU,NB,'10-5,37.95062,-122.72866
AKN,4/23/2021,"Kelly, Susan",OSPR,NB,'12-22,38.02458,-122.50329
AKN,4/23/2021,"Sexton, David",BAEA,AE,'12-18,38.0668,-122.4985
AKN,4/23/2021,"Sexton, David",RWBL,D,',38.0655,-122.5131
AKN,4/24/2021,"Battagin, Bob",EUST,AE,'9-3,38.0988,-122.7318
AKN,4/24/2021,"Battagin, Bob",RTHA,AE,'9-3,38.0963,-122.7344
AKN,4/24/2021,"Battagin, Bob",AMCR,NB,'9-3,38.0963,-122.7343
AKN,4/24/2021,"Battagin, Bob",BLPH,NE,'9-3,38.0967,-122.7333
AKN,4/24/2021,"Elrod, Megan",SPTO,NE,'10-14,37.989461,-122.633728
AKN,4/24/2021,"Grover, Whitney",HOSP,AE,'17-1,37.8640151,-122.4910577
AKN,4/24/2021,"Grover, Whitney",ROPI,NB,'17-1,37.8589872,-122.4779014
AKN,4/24/2021,"Grover, Whitney",ROPI,NB,'17-1,37.8572136,-122.4779221
AKN,4/24/2021,"Grover, Whitney",HOSP,NB,'17-1,37.8572136,-122.4789414
AKN,4/24/2021,"Grover, Whitney",HOFI,NB,'17-1,37.8599743,-122.4835415
AKN,4/24/2021,"Grover, Whitney",BRBL,NB,'17-1,37.8597551,-122.4852291
AKN,4/24/2021,"Grover, Whitney",AMCR,NB,'17-1,37.8545037,-122.4907929
AKN,4/24/2021,"Grover, Whitney",EUST,NY,'17-1,37.8627727,-122.4915012
AKN,4/24/2021,"Hedgpeth, Joel",WBNU,AE,'12-13,38.12,-122.5477
AKN,4/24/2021,"Humple, Diana",BUSH,NB,'10-8,37.92537,-122.71255
AKN,4/24/2021,"Kelly, Susan",BARS,AE,'12-22,38.03366,-122.50317
AKN,4/24/2021,"Kelly, Susan",CORA,AE,'12-22,38.03116279,-122.5049208
AKN,4/24/2021,"Kelly, Susan",CLSW,AE,'12-22,38.02557,-122.51744
AKN,4/24/2021,"Scalf, Russell",OSPR,NE,'13-16,37.97011667,-122.496
AKN,4/25/2021,"Humple, Diana",BUSH,NB,'10-10,37.90544,-122.70419
AKN,4/25/2021,"Humple, Diana",CALT,NB,'10-10,37.90544,-122.70419
AKN,4/25/2021,"Humple, Diana",EUST,NY,'10-10,37.90834,-122.70346
AKN,4/26/2021,"Humple, Diana",AMCR,AE,'10-10,37.9063,-122.70161
AKN,4/26/2021,"Humple, Diana",PYNU,NY,'10-10,37.9063,-122.70161
AKN,4/27/2021,"Sexton, David",CBCH,AE,'13-3,37.9637,-122.6152
AKN,4/28/2021,"Silverstein, Sylvie",RSHA,AE,'13-24,37.8928,-122.5223
AKN,4/28/2021,"Silverstein, Sylvie",CORA,AE,'13-24,37.8933,-122.5225
AKN,4/29/2021,"Humple, Diana",GREG,AE,'10-10,37.91143,-122.68517
AKN,4/29/2021,"Humple, Diana",BUSH,NB,'10-10,37.90886,-122.68393
AKN,4/29/2021,"Humple, Diana",DCCO,NB,'10-10,37.91143,-122.68517
AKN,4/29/2021,"Humple, Diana",RWBL,NB,'10-10,37.91131,-122.69458
AKN,4/29/2021,"MACKENZIE, DAVID",PIGU,AE,'13-11,37.875405,-122.603781
AKN,4/29/2021,"Sexton, David",BLPH,AE,'13-3,37.9652,-122.6125
AKN,4/30/2021,"Humple, Diana",EUST,AE,'10-10,37.90989,-122.68522
AKN,4/30/2021,"Humple, Diana",DCCO,AE,'10-10,37.91147,-122.68523
AKN,4/30/2021,"Humple, Diana",GBHE,AE,'10-10,37.91147,-122.68523
AKN,4/30/2021,"Hunn, Eugene",OATI,AE,'8-19,38.184768,-122.662404
AKN,4/30/2021,"Hunn, Eugene",CLSW,AE,'8-19,38.186539,-122.665158
AKN,4/30/2021,"Hunn, Eugene",WEBL,AE,'8-8,38.168751,-122.717434
AKN,4/30/2021,"Sabbag, Dede",HOSP,AE,'5-15,38.2084,-122.793
AKN,4/30/2021,"Sabbag, Dede",HOSP,AE,'5-15,38.2088,-122.7934
AKN,4/30/2021,"Sabbag, Dede",EUST,AE,'5-15,38.2087,-122.7937
AKN,4/30/2021,"Sabbag, Dede",BARS,AE,'5-15,38.2086,-122.7937
AKN,4/30/2021,"Sabbag, Dede",CLSW,AE,'5-15,38.2086,-122.7937
AKN,4/30/2021,"Sabbag, Dede",WEBL,AE,'5-15,38.2085,-122.7939
AKN,4/30/2021,"Sabbag, Dede",RWBL,NB,'5-15,38.2084,-122.7927
AKN,4/30/2021,"Sexton, David",AMAV,AE,',38.0696,-122.4948
AKN,4/30/2021,"Sexton, David",SNPL,AE,'12-18,38.0668,-122.4939
AKN,4/30/2021,"Sexton, David",CLSW,NB,'12-18,38.0633,-122.5178
AKN,5/1/2021,"Hug, Lisa",BRBL,NB,'1-19,38.308659,-122.92464
AKN,5/1/2021,"Hug, Lisa",EUST,NY,'1-19,38.308659,-122.92464
AKN,5/1/2021,"Humple, Diana",BUSH,AE,'10-8,37.92042,-122.69021
AKN,5/1/2021,"Humple, Diana",TRES,AE,'10-8,37.92083,-122.69031
AKN,5/1/2021,"Humple, Diana",WEBL,NB,'10-8,37.9222,-122.69049
AKN,5/1/2021,"Humple, Diana",EUST,NY,'10-8,37.92009,-122.69052
AKN,5/1/2021,"Hunn, Eugene",ANHU,AE,'8-20,38.182329,-122.625539
AKN,5/1/2021,"Schriock, Beth",AMRO,NB,'12-17,38.06874,-122.55179
AKN,5/1/2021,"Sexton, David",GBHE,NB,'12-18,38.0798,-122.5264
AKN,5/1/2021,"Sexton, David",GREG,NB,'12-18,38.0798,-122.5264
AKN,5/2/2021,"Corneliussen, Lucas",CALT,NY,'12-16,38.10121,-122.497365
AKN,5/3/2021,"Scalf, Russell",VGSW,NB,'13-16,37.975725,-122.5260917
AKN,5/3/2021,"Wiskes, Kris",OATI,AE,'12-3,38.094179,-122.605019
AKN,5/3/2021,"Wiskes, Kris",DEJU,AE,'12-3,38.094179,-122.605019
AKN,5/3/2021,"Wiskes, Kris",ALHU,NB,'12-3,38.094179,-122.605019
AKN,5/3/2021,"Wiskes, Kris",HOFI,NB,'12-3,38.094179,-122.605019
AKN,5/3/2021,"Wiskes, Kris",LEGO,NB,'12-3,38.094179,-122.605019
AKN,5/3/2021,"Wiskes, Kris",CBCH,NB,'12-3,38.094179,-122.605019
AKN,5/3/2021,"Wiskes, Kris",BUSH,NE,'12-3,38.094179,-122.605019
AKN,5/4/2021,"Hatch, Daphne",BGGN,NB,'11-11,38.144567,-122.593902
AKN,5/4/2021,"Humple, Diana",AMRO,NB,'10-10,37.91533,-122.72516
AKN,5/4/2021,"Merritt, Alex",NOFL,AE,'14-15,37.848558,-122.543017
AKN,5/4/2021,"Sexton, David",TRES,AE,'12-20,38.0468,-122.5074
AKN,5/4/2021,"Sexton, David",CLSW,AE,'12-20,38.0505,-122.5103
AKN,5/4/2021,"Sexton, David",WEBL,AE,'12-20,38.0499,-122.511
AKN,5/4/2021,"Sexton, David",EUST,NY,'12-20,38.057,-122.5185
AKN,5/5/2021,"Colasanti, Peter",TRES,AE,'5-11,38.108652,-122.844927
AKN,5/5/2021,"Hug, Lisa",WEBL,AE,'1-8,38.308008,-122.939153
AKN,5/5/2021,"Hug, Lisa",RTHA,AE,'1-8,38.302567,-122.954903
AKN,5/5/2021,"Hug, Lisa",AMGO,NB,'1-19,38.309208,-122.936245
AKN,5/5/2021,"Hug, Lisa",CLSW,NB,'1-8,38.309564,-122.938659
AKN,5/5/2021,"Hug, Lisa",CLSW,NB,'1-8,38.308543,-122.940952
AKN,5/5/2021,"Hug, Lisa",EUST,NY,'1-8,38.301858,-122.950438
AKN,5/5/2021,"Humple, Diana",NUWO,AE,'10-8,37.92083,-122.69038
AKN,5/5/2021,"Humple, Diana",CASJ,NB,'10-10,37.91087,-122.69594
AKN,5/6/2021,"Garcia, Juan",CBCH,AE,'6-19,38.04877009,-122.80308
AKN,5/7/2021,"Sabbag, Dede",WEBL,AE,'5-17,38.2084,-122.7942
AKN,5/7/2021,"Hatch, Daphne",OATI,NB,'11-11,38.1308265,-122.5950056
AKN,5/7/2021,"Merritt, Alex",HOFI,NB,'14-15,37.842457,-122.531687
AKN,5/7/2021,"Michl, Lisa",COYE,NB,'12-15,38.095142,-122.54997
AKN,5/7/2021,"Sabbag, Dede",HOSP,AE,'5-17,38.2083,-122.7932
AKN,5/7/2021,"Sabbag, Dede",CLSW,AE,'5-17,38.208,-122.7934
AKN,5/7/2021,"Sabbag, Dede",EUST,AE,'5-17,38.208,-122.7934
AKN,5/7/2021,"Sabbag, Dede",BUOR,NB,'5-17,38.2078,-122.7933
AKN,5/7/2021,"Sabbag, Dede",BRBL,NB,'5-17,38.2078,-122.7933
AKN,5/7/2021,"Sabbag, Dede",BARS,NB,'5-17,38.208,-122.7934
AKN,5/7/2021,"Silverstein, Sylvie",DCCO,AE,'13-24,37.887,-122.5148
AKN,5/7/2021,"Silverstein, Sylvie",GREG,AE,'13-24,37.887,-122.5148
AKN,5/7/2021,"Silverstein, Sylvie",GBHE,NY,'13-24,37.887,-122.5148
AKN,5/7/2021,"Silverstein, Sylvie",GREG,NY,'13-24,37.887,-122.5148
AKN,5/8/2021,"Corneliussen, Lucas",BNST,AE,'12-18,38.0831939,-122.5026065
AKN,5/8/2021,"Cochrane, Connor",ACWO,NY,'13-4,37.972612,-122.57411
AKN,5/8/2021,"Corneliussen, Lucas",ANHU,AE,'12-16,38.0854483,-122.5030226
AKN,5/8/2021,"Corneliussen, Lucas",BARS,AE,'12-16,38.0835488,-122.5058014
AKN,5/8/2021,"Corneliussen, Lucas",COYE,NB,'12-16,38.0928222,-122.4900622
AKN,5/8/2021,"Corneliussen, Lucas",RWBL,NY,'12-16,38.084175,-122.5017107
AKN,5/9/2021,"Corneliussen, Lucas",PBGR,AE,'12-16,38.0964901,-122.5317511
AKN,5/9/2021,"Corneliussen, Lucas",RTHA,AE,'12-16,38.0938871,-122.5287651
AKN,5/9/2021,"Corneliussen, Lucas",WEBL,AE,'12-16,38.1032837,-122.5292164
AKN,5/9/2021,"Corneliussen, Lucas",TRES,AE,'12-16,38.1016184,-122.5305089
AKN,5/9/2021,"Corneliussen, Lucas",BRBL,NB,'12-16,38.0967149,-122.5308485
AKN,5/9/2021,"Corneliussen, Lucas",RWBL,NE,'12-16,38.0974038,-122.5298148
AKN,5/9/2021,"Corneliussen, Lucas",BARS,NY,'12-16,38.0995296,-122.5272681
AKN,5/9/2021,"Corneliussen, Lucas",CLSW,NY,'12-16,38.0999059,-122.5277931
AKN,5/9/2021,"Dettling, Mark",WREN,NB,'10-7,37.9312,-122.72471
AKN,5/9/2021,"Dettling, Mark",DEJU,NB,'10-5,37.94037,-122.73235
AKN,5/9/2021,"Dettling, Mark",HAWO,NY,'10-5,37.94701,-122.73431
AKN,5/9/2021,"Sexton, David",PBGR,AE,'12-18,38.0735,-122.5257
AKN,5/9/2021,"Sexton, David",HOOR,NB,'12-18,38.0801,-122.5272
AKN,5/9/2021,"Sexton, David",KILL,NU,'12-18,38.0713,-122.5223
AKN,5/9/2021,"Wiskes, Kris",VGSW,AE,'12-3,38.094606,-122.605296
AKN,5/10/2021,"Battagin, Bob",CLSW,AE,'9-5,38.0833044,-122.7296626
AKN,5/10/2021,"Colasanti, Peter",EUST,NB,'5-11,38.108652,-122.844927
AKN,5/10/2021,"Colasanti, Peter",EUST,NB,'6-2,38.105218,-122.840183
AKN,5/10/2021,"Lumpkin, David",GREG,NE,'2-17,38.189347,-122.913611
AKN,5/10/2021,"Lumpkin, David",GBHE,NY,'2-17,38.189347,-122.913611
AKN,5/11/2021,"Grover, Whitney",HOSP,NB,'17-1,37.8663121,-122.4968227
AKN,5/11/2021,"Grover, Whitney",CASJ,NB,'17-1,37.8595855,-122.4985301
AKN,5/11/2021,"Grover, Whitney",AMCR,NB,'17-1,37.8624055,-122.4987575
AKN,5/11/2021,"Grover, Whitney",BEWR,NY,'17-1,37.8667954,-122.4975502
AKN,5/11/2021,"Grover, Whitney",HOSP,NY,'17-1,37.8687688,-122.49792
AKN,5/11/2021,"Hedgpeth, Joel",TRES,AE,'12-13,38.1102,-122.5363
AKN,5/11/2021,"Humple, Diana",EUST,NY,'10-10,37.90409,-122.70059
AKN,5/11/2021,"Michl, Lisa",COYE,NB,'12-15,38.0873235,-122.5339042
AKN,5/11/2021,"Sexton, David",VGSW,AE,'12-18,38.0667,-122.5267
AKN,5/11/2021,"Sexton, David",VGSW,NB,'12-18,38.067,-122.5248
AKN,5/12/2021,"Colasanti, Peter",BUSH,NB,'5-11,38.108652,-122.844927
AKN,5/12/2021,"Garcia, Juan",CBCH,AE,'6-7,38.0613,-122.85445
AKN,5/12/2021,"Humple, Diana",CLSW,NB,'10-10,37.91301,-122.72766
AKN,5/12/2021,"Sexton, David",BARS,AE,'13-3,37.9666,-122.6129
AKN,5/12/2021,"Sexton, David",RTHA,AE,'13-3,37.9698,-122.6198
AKN,5/12/2021,"Sexton, David",TRES,NB,'13-3,37.9692,-122.6105
AKN,5/12/2021,"Sexton, David",TRES,NB,'13-3,37.9672,-122.611
AKN,5/12/2021,"Sexton, David",WEBL,NB,'13-3,37.9708,-122.612
AKN,5/12/2021,"Sexton, David",WEBL,NB,'13-3,37.9711,-122.6143
AKN,5/12/2021,"Sexton, David",TRES,NB,'13-3,37.9651,-122.6143
AKN,5/12/2021,"Sexton, David",TRES,NB,'13-3,37.9682,-122.6171
AKN,5/12/2021,"Sexton, David",WEBL,NE,'13-3,37.9674,-122.6115
AKN,5/12/2021,"Sexton, David",TRES,NE,'13-3,37.9642,-122.6129
AKN,5/12/2021,"Sexton, David",WEBL,NE,'13-3,37.9646,-122.6132
AKN,5/12/2021,"Sexton, David",WEBL,NE,'13-3,37.9659,-122.6135
AKN,5/12/2021,"Sexton, David",VGSW,NE,'13-3,37.9647,-122.6135
AKN,5/12/2021,"Sexton, David",TRES,NE,'13-3,37.9646,-122.6146
AKN,5/12/2021,"Sexton, David",WEBL,NE,'13-3,37.9693,-122.6154
AKN,5/12/2021,"Sexton, David",WEBL,NE,'13-3,37.9709,-122.6165
AKN,5/12/2021,"Sexton, David",WEBL,NE,'13-3,37.969,-122.6176
AKN,5/12/2021,"Sexton, David",WEBL,NE,'13-3,37.9698,-122.6198
AKN,5/12/2021,"Sexton, David",VGSW,NE,'13-3,37.9711,-122.6216
AKN,5/12/2021,"Sexton, David",BLPH,NY,'13-3,37.9651,-122.6126
AKN,5/12/2021,"Sexton, David",WEBL,NY,'13-3,37.9685,-122.6132
AKN,5/12/2021,"Sexton, David",WEBL,NY,'13-3,37.9674,-122.6133
AKN,5/12/2021,"Sexton, David",WEBL,NY,'13-3,37.9714,-122.6151
AKN,5/12/2021,"Sexton, David",WEBL,NY,'13-3,37.9719,-122.6187
AKN,5/12/2021,"Sexton, David",WEBL,NY,'13-3,37.9703,-122.6195
AKN,5/12/2021,"Sexton, David",WEBL,NY,'13-3,37.9707,-122.6217
AKN,5/13/2021,"Battagin, Bob",CLSW,AE,'9-3,38.083773,-122.730002
AKN,5/13/2021,"Scalf, Russell",MODO,NE,'16-1,37.98873889,-122.4616194
AKN,5/14/2021,"Corneliussen, Lucas",ABOW,NY,'12-16,38.083247,-122.525538
AKN,5/14/2021,"Corneliussen, Lucas",HOFI,AE,'12-16,38.0883971,-122.5186001
AKN,5/14/2021,"Corneliussen, Lucas",EUCD,NB,'12-16,38.0845387,-122.5127791
AKN,5/14/2021,"Corneliussen, Lucas",MODO,NB,'12-16,38.0857207,-122.5258623
AKN,5/14/2021,"Sabbag, Dede",AMKE,AE,'5-15,38.2084,-122.7888
AKN,5/14/2021,"Sexton, David",BARS,AE,'12-20,38.06,-122.4968
AKN,5/14/2021,"Silverstein, Sylvie",ROPI,AE,'13-24,37.8806,-122.5161
AKN,5/14/2021,"Silverstein, Sylvie",BNST,AE,'13-24,37.8886,-122.5297
AKN,5/14/2021,"Silverstein, Sylvie",BNST,NE,'13-24,37.8886,-122.5297
AKN,5/15/2021,"Corneliussen, Lucas",CLSW,NY,'12-16,38.086857,-122.5043456
AKN,5/15/2021,"Corneliussen, Lucas",BARS,NY,'12-16,38.0899283,-122.5062607
AKN,5/15/2021,"Corneliussen, Lucas",BLPH,NY,'12-16,38.0981853,-122.5087404
AKN,5/15/2021,"Corneliussen, Lucas",RWBL,NY,'12-16,38.0999072,-122.508848
AKN,5/15/2021,"Schulist, Mark",CLSW,AE,'12-21,38.0296506,-122.5481601
AKN,5/15/2021,"Schulist, Mark",HOFI,AE,'12-21,38.0302963,-122.5482084
AKN,5/15/2021,"Schulist, Mark",HOFI,NB,'12-21,38.0296506,-122.5481601
AKN,5/15/2021,"Silverstein, Sylvie",CORA,AE,'13-24,37.88932,-122.5228
AKN,5/15/2021,"Silverstein, Sylvie",LEGO,NB,'13-24,37.8941,-122.5187
AKN,5/15/2021,"Silverstein, Sylvie",RSHA,NY,'13-24,37.8937,-122.5224
AKN,5/16/2021,"Hedgpeth, Joel",TRES,AE,'12-13,38.1243,-122.5569
AKN,5/16/2021,"Hedgpeth, Joel",TRES,AE,'12-13,38.124,-122.5574
AKN,5/16/2021,"Hedgpeth, Joel",TRES,AE,'12-13,38.1238,-122.558
AKN,5/16/2021,"Hedgpeth, Joel",TRES,AE,'12-13,38.1235,-122.5586
AKN,5/16/2021,"Hedgpeth, Joel",TRES,AE,'12-13,38.1231,-122.559
AKN,5/16/2021,"Hug, Lisa",CLSW,AE,'1-19,38.306172,-122.921906
AKN,5/16/2021,"Hug, Lisa",AMRO,NB,'1-19,38.308114,-122.920736
AKN,5/16/2021,"Hug, Lisa",AMGO,NB,'1-19,38.306893,-122.921226
AKN,5/16/2021,"Hug, Lisa",EUST,NY,'1-19,38.316527,-122.91962
AKN,5/16/2021,"Hug, Lisa",BLPH,NY,'1-19,38.30659,-122.920396
AKN,5/16/2021,"Humple, Diana",CORA,AE,'10-10,37.89946,-122.70649
AKN,5/16/2021,"Humple, Diana",HAWO,NY,'10-10,37.89946,-122.70649
AKN,5/17/2021,"Humple, Diana",EUST,NB,'10-8,37.93205,-122.70074
AKN,5/18/2021,"Brown, Ronald",EUST,AE,'13-24,37.8872,-122.5145
AKN,5/18/2021,"Browne, Brian",HOFI,NU,'13-17,37.9447163,-122.5376945
AKN,5/18/2021,"Garcia, Juan",PYNU,NB,'13-7,37.92534,-122.62469
AKN,5/18/2021,"Hatch, Daphne",BUOR,AE,'11-11,38.137642,-122.603047
AKN,5/18/2021,"Hatch, Daphne",WEKI,AE,'11-11,38.138023,-122.606931
AKN,5/18/2021,"Silverstein, Sylvie",CALT,NB,'13-24,37.8776,-122.5212
AKN,5/19/2021,"Sexton, David",BARS,AE,'12-18,38.0835,-122.5058
AKN,5/19/2021,"Garcia, Juan",BAEA,NB,'6-7,38.04613,-122.86623
AKN,5/19/2021,"Garcia, Juan",WEBL,NB,'6-7,38.04431,-122.8744
AKN,5/19/2021,"MACKENZIE, DAVID",BLPH,AE,'13-23,37.881599,-122.542208
AKN,5/19/2021,"Sexton, David",BNST,AE,'12-18,38.0808,-122.5023
AKN,5/19/2021,"Sexton, David",BNST,AE,'12-18,38.0805,-122.5023
AKN,5/19/2021,"Sexton, David",BNST,AE,'12-18,38.0649,-122.5193
AKN,5/19/2021,"Sexton, David",BNST,AE,'12-18,38.066,-122.521
AKN,5/19/2021,"Sexton, David",HOFI,AE,'12-18,38.0642,-122.5213
AKN,5/19/2021,"Sexton, David",CLSW,AE,'12-18,38.0642,-122.5213
AKN,5/20/2021,"Sexton, David",ACWO,AE,'12-20,38.0515,-122.5223
AKN,5/20/2021,"Silverstein, Sylvie",BUOR,NY,'9-14,38.1173,-122.6477
AKN,5/21/2021,"Grover, Whitney",WEGU,NB,'17-1,37.8639635,-122.4932919
AKN,5/21/2021,"Grover, Whitney",WEGU,NE,'17-1,37.8607302,-122.4834542
AKN,5/21/2021,"Grover, Whitney",ROPI,NY,'17-1,37.8597977,-122.4854887
AKN,5/21/2021,"Sabbag, Dede",ABOW,AE,'5-15,38.2085,-122.7929
AKN,5/21/2021,"Sabbag, Dede",HOSP,AE,'5-15,38.2085,-122.7929
AKN,5/21/2021,"Sabbag, Dede",CLSW,AE,'5-15,38.2087,-122.7935
AKN,5/21/2021,"Sabbag, Dede",EUST,AE,'5-15,38.2092,-122.7938
AKN,5/22/2021,"Lamphier, Joan",STJA,AE,'10-21,37.9094,-122.6491
AKN,5/22/2021,"Lamphier, Joan",DOWO,AE,'10-21,37.9093,-122.6511
AKN,5/22/2021,"MACKENZIE, DAVID",PIGU,AE,'13-11,37.87536,-122.604005
AKN,5/22/2021,"Schulist, Mark",VGSW,AE,'12-21,38.030223,-122.547512
AKN,5/22/2021,"Schulist, Mark",CLSW,AE,'12-21,38.029843,-122.548149
AKN,5/22/2021,"Schulist, Mark",HOFI,NB,'12-21,38.029888,-122.547968
AKN,5/23/2021,"Colasanti, Peter",SPTO,NB,'5-11,38.108652,-122.844927
AKN,5/23/2021,"Hatch, Daphne",BUOR,AE,'11-11,38.137642,-122.603047
AKN,5/23/2021,"Hatch, Daphne",WEKI,AE,'11-11,38.1374848,-122.6031002
AKN,5/23/2021,"Hatch, Daphne",HAWO,AE,'11-11,38.132711,-122.607162
AKN,5/24/2021,"Garcia, Juan",PYNU,AE,'6-7,38.05285,-122.86769
AKN,5/24/2021,"Garcia, Juan",SOSP,NB,'6-7,38.05454,-122.86675
AKN,5/24/2021,"Garcia, Juan",TRES,NB,'6-7,38.04953,-122.86975
AKN,5/24/2021,"Garcia, Juan",VGSW,NB,'6-7,38.04953,-122.86975
AKN,5/24/2021,"Lumpkin, David",GREG,NY,'6-6,38.07974,-122.814008
AKN,5/24/2021,"Lumpkin, David",GBHE,NY,'6-6,38.079728,-122.814335
AKN,5/24/2021,"Lumpkin, David",GBHE,NY,'2-17,38.189351,-122.913619
AKN,5/24/2021,"Lumpkin, David",GREG,NY,'2-17,38.189351,-122.913619
AKN,5/24/2021,"Lumpkin, David",GBHE,NY,'2-2,38.22882977,-122.9495884
AKN,5/25/2021,"Battagin, Bob",TRES,AE,'6-16,38.0994106,-122.7508527
AKN,5/25/2021,"Battagin, Bob",WTKI,AE,'9-3,38.0928684,-122.7350115
AKN,5/25/2021,"Battagin, Bob",RWBL,NB,'9-3,38.098588,-122.748921
AKN,5/25/2021,"Battagin, Bob",RTHA,NY,'9-3,38.095981,-122.734404
AKN,5/25/2021,"Hedgpeth, Joel",TRES,AE,'12-13,38.1197,-122.5559
AKN,5/25/2021,"helfman, luanna",HOFI,AE,'9-24,38.01771,-122.63269
AKN,5/25/2021,"helfman, luanna",WEBL,AE,'9-24,38.01771,-122.63269
AKN,5/25/2021,"helfman, luanna",BRBL,NB,'9-24,38.01771,-122.63269
AKN,5/26/2021,"Sabbag, Dede",SWTH,AE,'5-17,38.2073,-122.793
AKN,5/26/2021,"Sabbag, Dede",CLSW,AE,'5-15,38.2085,-122.7932
AKN,5/26/2021,"Sabbag, Dede",BARS,AE,'5-15,38.2086,-122.7936
AKN,5/26/2021,"Ford, Brandy",SPOW,NY,'13-19,37.92918,-122.538817
AKN,5/26/2021,"Garcia, Juan",CLSW,AE,'6-7,38.04467,-122.85609
AKN,5/26/2021,"Garcia, Juan",BARS,AE,'6-7,38.04451,-122.85621
AKN,5/26/2021,"Garcia, Juan",VGSW,NB,'6-7,38.04492,-122.85625
AKN,5/26/2021,"Garcia, Juan",BARS,NB,'6-7,38.04469,-122.85642
AKN,5/26/2021,"Kelly, Susan",CLSW,AE,'12-22,38.02554,-122.5174
AKN,5/26/2021,"Kelly, Susan",CLSW,AE,'12-22,38.02816,-122.51766
AKN,5/26/2021,"Sabbag, Dede",SWTH,AE,'5-17,38.2063,-122.7908
AKN,5/27/2021,"cimino, richard",GREG,AE,'12-18,38.0806,-122.5266
AKN,5/27/2021,"Lumpkin, David",EUST,NY,'2-2,38.2276145,-122.947187
AKN,5/27/2021,"Lumpkin, David",GBHE,NY,'2-2,38.22882977,-122.9495884
AKN,5/28/2021,"Colasanti, Peter",BLPH,AE,'6-2,38.105218,-122.840183
AKN,5/28/2021,"Garcia, Juan",AMRO,NB,'6-7,38.05882,-122.84534
AKN,5/28/2021,"Garcia, Juan",HUVI,NB,'6-7,38.05882,-122.84534
AKN,5/28/2021,"Hug, Lisa",HOSP,AE,'1-20,38.308285,-122.897839
AKN,5/28/2021,"Hug, Lisa",RTHA,NY,'1-20,38.309617,-122.898423
AKN,5/28/2021,"Hunn, Eugene",TRES,AE,'8-8,38.190423,-122.703332
AKN,5/28/2021,"Hunn, Eugene",TRES,AE,'8-8,38.191106,-122.703712
AKN,5/28/2021,"Hunn, Eugene",EUST,AE,'8-8,38.189578,-122.703824
AKN,5/28/2021,"Hunn, Eugene",ACWO,AE,'8-8,38.190239,-122.703986
AKN,5/28/2021,"Sexton, David",WEBL,AE,'12-20,38.0469,-122.5071
AKN,5/28/2021,"Sexton, David",TRES,AE,'12-20,38.0469,-122.5071
AKN,5/28/2021,"Sexton, David",TRES,AE,'12-20,38.0469,-122.5071
AKN,5/28/2021,"Sexton, David",WEBL,AE,'12-20,38.0507,-122.5092
AKN,5/28/2021,"Sexton, David",TRES,AE,'12-20,38.0507,-122.5092
AKN,5/28/2021,"Sexton, David",CLSW,AE,'12-20,38.0506,-122.5102
AKN,5/29/2021,"Atwood, Robert",HOOR,AE,'9-14,38.1099,-122.6403
AKN,5/29/2021,"Atwood, Robert",TRES,AE,'9-14,38.1082,-122.6421
AKN,5/29/2021,"Atwood, Robert",BLPH,AE,'9-14,38.1165,-122.6478
AKN,5/29/2021,"Sexton, David",PISI,NB,'13-3,37.9633,-122.6248
AKN,5/29/2021,"Silverstein, Sylvie",RSHA,NY,'13-24,37.891,-122.5223
AKN,5/29/2021,"Silverstein, Sylvie",CORA,NY,'13-24,37.8933,-122.5225
AKN,5/30/2021,"Cameron, Heather",VGSW,NY,'12-14,38.118056,-122.528056
AKN,5/30/2021,"Garcia, Juan",ACWO,AE,'6-24,38.00351,-122.76874
AKN,5/30/2021,"Garcia, Juan",WIWA,NB,'6-24,38.00291,-122.7681
AKN,5/30/2021,"Garcia, Juan",PISI,NB,'6-24,38.0024919,-122.7701756
AKN,5/30/2021,"Lecy, Derek",ATFL,AE,'13-13,37.9889469,-122.5563184
AKN,5/30/2021,"Lecy, Derek",ACWO,AE,'13-13,37.9897462,-122.5564861
AKN,5/30/2021,"Lecy, Derek",VGSW,NB,'13-13,37.9866711,-122.5552087
AKN,5/30/2021,"White, Jim",NOFL,AE,'14-2,37.864,-122.5745
AKN,5/30/2021,"White, Jim",WAVI,NB,'14-2,37.864,-122.5745
AKN,5/30/2021,"White, Jim",BUSH,NB,'14-2,37.8632,-122.5822
AKN,5/30/2021,"White, Jim",RTHA,NB,'14-2,37.8628,-122.5822
AKN,5/30/2021,"White, Jim",WEFL,NY,'14-2,37.8624,-122.5755
AKN,5/31/2021,"Colasanti, Peter",TRES,AE,'6-2,38.105218,-122.840183
AKN,5/31/2021,"Colasanti, Peter",BARS,AE,'5-11,38.140935,-122.873998
AKN,5/31/2021,"Hunn, Eugene",VGSW,AE,'8-20,38.181946,-122.62566
AKN,5/31/2021,"MACKENZIE, DAVID",RCSP,NB,'13-11,37.878436,-122.608639
AKN,5/31/2021,"Sexton, David",HOOR,AE,'12-18,38.0812,-122.5043
AKN,5/31/2021,"Sexton, David",CLSW,AE,'12-18,38.0812,-122.5043
AKN,5/31/2021,"Sexton, David",BARS,AE,'12-18,38.0796,-122.5084
AKN,5/31/2021,"Sexton, David",CLSW,AE,'12-18,38.0804,-122.5113
AKN,5/31/2021,"Sexton, David",CLSW,AE,'12-18,38.0811,-122.512
AKN,5/31/2021,"Sexton, David",ABOW,NY,'12-18,38.0773,-122.5163
AKN,5/31/2021,"Silverstein, Sylvie",HOFI,NB,'13-24,37.8837,-122.509
AKN,6/2/2021,"Wimpfheimer, David",CLSW,AE,'5-4,38.21297,-122.81849
AKN,6/2/2021,"Wimpfheimer, David",WEBL,AE,'5-4,38.21175,-122.8399
AKN,6/2/2021,"Wimpfheimer, David",WEFL,NB,'5-4,38.21175,-122.8399
AKN,6/2/2021,"Wimpfheimer, David",WEBL,NB,'5-4,38.20994,-122.8399
AKN,6/3/2021,"Humple, Diana",BEKI,AE,'10-8,37.92043,-122.69048
AKN,6/3/2021,"Sexton, David",ACWO,AE,'13-3,37.9649,-122.6126
AKN,6/4/2021,"Brown, Ronald",DCCO,AE,'13-24,37.8869,-122.5146
AKN,6/4/2021,"Brown, Ronald",GREG,AE,'13-24,37.8869,-122.5146
AKN,6/4/2021,"Brown, Ronald",GBHE,AE,'13-24,37.8869,-122.5146
AKN,6/4/2021,"Brown, Ronald",DCCO,NY,'13-24,37.8869,-122.5146
AKN,6/4/2021,"Hug, Lisa",EUST,AE,'1-8,38.303296,-122.954061
AKN,6/4/2021,"Hug, Lisa",TRES,AE,'1-8,38.303296,-122.954061
AKN,6/4/2021,"Longstreth, Carolyn",SNPL,NE,'3-22,38.027,-122.897
AKN,6/5/2021,"Grover, Whitney",ANHU,NE,'17-1,37.8595126,-122.4942055
AKN,6/5/2021,"Sexton, David",BNST,AE,'12-18,38.0649,-122.5193
AKN,6/6/2021,"Browne, Brian",BARS,NY,'13-18,37.9404098,-122.5187702
AKN,6/7/2021,"Silverstein, Sylvie",PYNU,AE,'13-24,37.8835,-122.5059
AKN,6/7/2021,"Silverstein, Sylvie",AMRO,AE,'13-24,37.8867,-122.5085
AKN,6/8/2021,"Browne, Brian",ROPI,AE,'13-18,37.9437147,-122.5149899
AKN,6/8/2021,"Browne, Brian",AMCR,NU,'13-18,37.9435529,-122.5135482
AKN,6/8/2021,"Browne, Brian",CLSW,NY,'13-18,37.9437147,-122.5149899
AKN,6/8/2021,"Browne, Brian",CLSW,NY,'13-18,37.943532,-122.515199
AKN,6/8/2021,"Browne, Brian",WTSW,NY,'13-18,37.9435447,-122.516327
AKN,6/8/2021,"Gedney, Jack",HOOR,AE,'12-4,38.099606,-122.564851
AKN,6/8/2021,"Gedney, Jack",HOOR,AE,'12-4,38.099925,-122.565365
AKN,6/8/2021,"Lumpkin, David",BUSH,NB,'2-2,38.220078,-122.951822
AKN,6/9/2021,"Hunn, Eugene",BARS,AE,'11-7,38.178157,-122.602632
AKN,6/9/2021,"Hunn, Eugene",HOFI,NB,'11-7,38.175115,-122.605707
AKN,6/9/2021,"Michl, Lisa",SOSP,AE,'12-15,38.0885,-122.5623
AKN,6/9/2021,"Sexton, David",MUSW,NY,'12-18,38.0737,-122.5258
AKN,6/9/2021,"Sexton, David",MUSW,NY,'12-18,38.0737,-122.5258
AKN,6/9/2021,"Sexton, David",MUSW,NY,'12-18,38.0737,-122.5258
AKN,6/11/2021,"Hunn, Eugene",CLSW,AE,'8-8,38.196492,-122.710533
AKN,6/11/2021,"Hunn, Eugene",CLSW,AE,'8-8,38.1971,-122.711158
AKN,6/11/2021,"Hunn, Eugene",HOSP,AE,'8-8,38.199631,-122.715959
AKN,6/12/2021,"Hunn, Eugene",TRES,AE,'9-8,38.05114,-122.69079
AKN,6/12/2021,"Silverstein, Sylvie",SOSP,AE,'13-24,37.8911,-122.5213
AKN,6/13/2021,"Elrod, Megan",HUVI,NE,'10-16,37.9650472,-122.6291972
AKN,6/13/2021,"Elrod, Megan",RBNU,NY,'10-16,37.96668,-122.63336
AKN,6/14/2021,"Hug, Lisa",EUST,NY,'1-22,38.290764,-122.883092
AKN,6/14/2021,"Hug, Lisa",WEKI,NY,'1-22,38.290867,-122.883575
AKN,6/14/2021,"Hug, Lisa",CLSW,AE,'1-20,38.296294,-122.879828
AKN,6/14/2021,"Hug, Lisa",BARS,AE,'1-20,38.296294,-122.879828
AKN,6/14/2021,"Merritt, Alex",EUST,AE,'14-15,37.851323,-122.537841
AKN,6/15/2021,"Sabbag, Dede",HOSP,AE,'5-15,38.2084,-122.7928
AKN,6/15/2021,"Sabbag, Dede",BARS,AE,'5-15,38.2086,-122.7937
AKN,6/15/2021,"Sabbag, Dede",CLSW,AE,'5-15,38.2086,-122.7937
AKN,6/15/2021,"Sabbag, Dede",EUST,AE,'5-15,38.2087,-122.7938
AKN,6/15/2021,"Browne, Brian",VGSW,AE,'13-18,37.9536128,-122.5168182
AKN,6/15/2021,"Humple, Diana",AMGO,NB,'10-10,37.90735,-122.70359
AKN,6/15/2021,"MACKENZIE, DAVID",BLOY,AE,'13-11,37.875003,-122.60252
AKN,6/15/2021,"Sabbag, Dede",WAVI,AE,'5-17,38.2069,-122.7923
AKN,6/16/2021,"Brown, Ronald",EUST,AE,'10-1,37.9792,-122.7353
AKN,6/16/2021,"Brown, Ronald",EUST,NY,'10-1,37.9792,-122.7353
AKN,6/16/2021,"Michl, Lisa",CLSW,NU,'12-15,38.0957236,-122.5560364
AKN,6/16/2021,"Michl, Lisa",CLSW,NY,'12-15,38.0964252,-122.5588521
AKN,6/16/2021,"Michl, Lisa",CLSW,NY,'12-15,38.0968453,-122.5616433
AKN,6/16/2021,"Nigro, Larry",HOFI,AE,'12-11,38.010369,-122.602964
AKN,6/16/2021,"Scalf, Russell",OSPR,NY,'13-16,37.97010833,-122.4960028
AKN,6/16/2021,"Sexton, David",HOLA,NB,'12-18,38.0822,-122.4998
AKN,6/17/2021,"Wiskes, Kris",WESO,NY,'12-3,38.092895,-122.606925
AKN,6/17/2021,"Wiskes, Kris",RSHA,NY,'12-3,38.092895,-122.606925
AKN,6/17/2021,"Wiskes, Kris",ACWO,NY,'12-3,38.092895,-122.606925
AKN,6/17/2021,"Wiskes, Kris",CAQU,NY,'12-3,38.092895,-122.606925
AKN,6/17/2021,"Wiskes, Kris",CAQU,NY,'12-3,38.092895,-122.606925
AKN,6/18/2021,"Hunn, Eugene",BARS,NE,'8-8,38.196116,-122.705371
AKN,6/18/2021,"Hunn, Eugene",BUOR,NU,'8-8,38.196201,-122.705728
AKN,6/18/2021,"Hunn, Eugene",TRES,NY,'8-8,38.19628,-122.705325
AKN,6/18/2021,"Hunn, Eugene",BLPH,NY,'8-8,38.196153,-122.70543
AKN,6/18/2021,"Hunn, Eugene",ATFL,NY,'8-8,38.169119,-122.705472
AKN,6/19/2021,"Humple, Diana",SOSP,NB,'10-10,37.90486,-122.7014
AKN,6/19/2021,"Sexton, David",EUST,AE,'12-18,38.0805,-122.5058
AKN,6/19/2021,"Sexton, David",BARS,AE,'12-18,38.0796,-122.5084
AKN,6/19/2021,"Sexton, David",CLSW,AE,'12-18,38.0804,-122.5113
AKN,6/19/2021,"Sexton, David",ANHU,NU,'12-18,38.0775,-122.5165
AKN,6/19/2021,"Sexton, David",ABOW,NY,'12-18,38.0773,-122.5163
AKN,6/19/2021,"Silverstein, Sylvie",BLPH,NU,'13-24,37.8868,-122.5037
AKN,6/19/2021,"Silverstein, Sylvie",AMRO,NY,'13-24,37.8867,-122.5085
AKN,6/20/2021,"Hug, Lisa",CLSW,AE,'1-8,38.301356,-122.952776
AKN,6/20/2021,"Hug, Lisa",WCSP,NB,'1-8,38.3022,-122.961928
AKN,6/20/2021,"Hug, Lisa",EUST,NY,'1-8,38.292192,-122.947371
AKN,6/20/2021,"Silverstein, Sylvie",NOMO,NB,'12-22,38.0322,-122.5097
AKN,6/21/2021,"Dettling, Mark",ALHU,NE,'10-5,37.94161,-122.74016
AKN,6/21/2021,"Dettling, Mark",WEBL,NY,'10-7,37.92988,-122.73572
AKN,6/21/2021,"Dettling, Mark",BARS,NY,'10-7,37.92988,-122.73572
AKN,6/21/2021,"Dettling, Mark",AMRO,NY,'10-5,37.94052,-122.7392
AKN,6/21/2021,"Strauss, Emilie",HOFI,NE,'5-21,38.152549,-122.7844835
AKN,6/22/2021,"Medley, Jane",BARS,AE,'12-24,38.0102,-122.5247
AKN,6/24/2021,"Hedgpeth, Joel",RTHA,NY,'12-13,38.1164,-122.5367
AKN,6/25/2021,"Garcia, Juan",PUMA,AE,'7-14,37.99543,-122.75932
AKN,6/25/2021,"Garcia, Juan",OSPR,NB,'7-14,37.9874,-122.75104
AKN,6/25/2021,"Hunn, Eugene",TRES,AE,'9-8,38.051138,-122.690776
AKN,6/25/2021,"Hunn, Eugene",CLSW,NU,'9-6,38.065132,-122.705027
AKN,6/25/2021,"Hunn, Eugene",BARS,NU,'9-6,38.065057,-122.705214
AKN,6/25/2021,"Sabbag, Dede",EUST,AE,'5-17,38.1914,-122.7947
AKN,6/25/2021,"Sabbag, Dede",RSHA,NY,'5-17,38.1929,-122.7899
AKN,6/26/2021,"Medley, Jane",EUST,NY,'12-24,38.0196,-122.5238
AKN,6/26/2021,"Silverstein, Sylvie",HOFI,AE,'13-24,37.891,-122.5176
AKN,6/26/2021,"Silverstein, Sylvie",CLSW,NB,'13-24,37.8931,-122.518
AKN,6/26/2021,"Silverstein, Sylvie",HOFI,NY,'13-24,37.8908,-122.5176
AKN,6/27/2021,"Grover, Whitney",HOSP,AE,'17-1,37.8549124,-122.4790477
AKN,6/27/2021,"Grover, Whitney",HOSP,NB,'17-1,37.8549908,-122.4789958
AKN,6/27/2021,"Grover, Whitney",WEGU,NE,'17-1,37.8548399,-122.479345
AKN,6/27/2021,"Grover, Whitney",HOFI,NY,'17-1,37.8597058,-122.4839323
AKN,6/28/2021,"Wiskes, Kris",WEBL,NE,'12-3,38.094179,-122.605019
AKN,6/29/2021,"Garcia, Juan",PUMA,AE,'6-24,38.00599,-122.77101
AKN,6/30/2021,"Lumpkin, David",GBHE,NY,'2-17,38.189351,-122.913619
AKN,6/30/2021,"Lumpkin, David",GREG,NY,'2-17,38.189351,-122.913619
AKN,6/30/2021,"Sabbag, Dede",BUSH,NU,'5-17,38.208,-122.7938
AKN,7/1/2021,"Medley, Jane",RTHA,NY,'12-24,38.0131,-122.506
AKN,7/1/2021,"Sexton, David",BARS,AE,'13-3,37.9665,-122.6129
AKN,7/1/2021,"Sexton, David",BLPH,AE,'13-3,37.9645,-122.6137
AKN,7/1/2021,"Sexton, David",BARS,NY,'13-3,37.9648,-122.614
AKN,7/2/2021,"Silverstein, Sylvie",NRWS,AE,'13-24,37.8813,-122.5163
AKN,7/2/2021,"Silverstein, Sylvie",ROPI,AE,'13-24,37.8804,-122.5164
AKN,7/2/2021,"Silverstein, Sylvie",AMGO,NB,'13-24,37.8946,-122.5283
AKN,7/2/2021,"Silverstein, Sylvie",CLSW,NY,'13-24,37.892,-122.5305
AKN,7/3/2021,"Atwood, Robert",HOFI,AE,'9-14,38.116,-122.6476
AKN,7/4/2021,"Sexton, David",CLSW,AE,'12-20,38.0574,-122.5194
AKN,7/5/2021,"Hunn, Eugene",CLSW,NU,'8-20,38.181593,-122.655403
AKN,7/6/2021,"Hedgpeth, Joel",CORA,AE,'12-13,38.1224,-122.5586
AKN,7/6/2021,"Kelly, Susan",BARS,AE,'12-22,38.033477,-122.503355
AKN,7/6/2021,"Linder, Ann",BARS,AE,'6-21,38.04005,-122.80247
AKN,7/7/2021,"Hunn, Eugene",WEWP,AE,'9-6,38.070496,-122.688791
AKN,7/7/2021,"Linder, Ann",OSPR,NU,'6-21,38.0257,-122.8011
AKN,7/7/2021,"Lumpkin, David",GBHE,NY,'2-17,38.189351,-122.913619
AKN,7/7/2021,"Lumpkin, David",GREG,NY,'2-17,38.189351,-122.913619
AKN,7/10/2021,"DiLuzio, Patricia",HOFI,NY,'13-24,37.8816,-122.5165
AKN,7/10/2021,"Sabbag, Dede",HOSP,NY,'5-15,38.2088,-122.7935
AKN,7/10/2021,"Silverstein, Sylvie",ROPI,AE,'13-24,37.8914,-122.5177
AKN,7/11/2021,"Scalf, Russell",CLSW,NY,'16-1,37.98376944,-122.4632806
AKN,7/11/2021,"Scalf, Russell",TRES,NY,'16-1,37.98728889,-122.4643028
AKN,7/11/2021,"Sexton, David",WEBL,AE,'12-20,38.0485,-122.5261
AKN,7/11/2021,"Sexton, David",ACWO,AE,'12-20,38.0464,-122.529
AKN,7/12/2021,"Linder, Ann",BARS,NE,'6-21,38.0349,-122.7909
AKN,7/12/2021,"Linder, Ann",CLSW,NY,'6-21,38.0352,-122.7904
AKN,7/13/2021,"Brown, Ronald",GREG,NB,'13-24,37.8869,-122.5146
AKN,7/13/2021,"Brown, Ronald",DCCO,NY,'13-24,37.8869,-122.5146
AKN,7/14/2021,"Humple, Diana",ACWO,AE,'10-8,37.93236,-122.70078
AKN,7/14/2021,"Sexton, David",SNPL,AE,'12-18,38.0686,-122.489
AKN,7/14/2021,"Sexton, David",SNPL,AE,'12-18,38.0689,-122.4914
AKN,7/14/2021,"Sexton, David",BAEA,NU,'12-18,38.0669,-122.4984
AKN,7/15/2021,"MACKENZIE, DAVID",PIGU,AE,'13-11,37.875404,-122.603734
AKN,4/15/2022,"Hatch, Daphne",BUSH,AE,'11-11,38.1325462,-122.6072894
AKN,4/15/2022,"Hatch, Daphne",RSHA,AE,'11-11,38.1325033,-122.60762
AKN,4/15/2022,"Hatch, Daphne",BUOR,NB,'11-11,38.1380924,-122.6069196
AKN,4/15/2022,"Hug, Lisa",TRES,AE,'1-19,38.30829,-122.92293
AKN,4/15/2022,"Hug, Lisa",VGSW,AE,'1-19,38.3084,-122.92401
AKN,4/15/2022,"Hug, Lisa",EUST,NY,'1-19,38.3165,-122.9196
AKN,4/15/2022,"Kelly, Susan",MUSW,AE,'12-22,38.02866,-122.51382
AKN,4/15/2022,"Kelly, Susan",CLSW,AE,'12-22,38.0256,-122.51741
AKN,4/15/2022,"Lawrence, Rachel",NOFL,AE,'3-17,38.0747,-122.914
AKN,4/15/2022,"Lawrence, Rachel",BARS,AE,'3-17,38.0818,-122.9142
AKN,4/15/2022,"Lawrence, Rachel",TRES,AE,'3-17,38.0742,-122.9144
AKN,4/15/2022,"Lawrence, Rachel",PYNU,AE,'3-17,38.0717,-122.9175
AKN,4/15/2022,"Lawrence, Rachel",PYNU,AE,'3-17,38.0708,-122.9179
AKN,4/15/2022,"Lawrence, Rachel",SOSP,NB,'3-17,38.0748,-122.9139
AKN,4/15/2022,"Lawrence, Rachel",NOFL,NB,'3-17,38.0715,-122.9181
AKN,4/15/2022,"Michl, Lisa",BUSH,NB,'12-15,38.0926,-122.5391
AKN,4/15/2022,"Silverstein, Sylvie",HOFI,AE,'13-24,37.8834,-122.5003
AKN,4/15/2022,"Silverstein, Sylvie",HOFI,NB,'13-24,37.884,-122.4982
AKN,4/15/2022,"Silverstein, Sylvie",HOFI,NB,'13-24,37.8848,-122.4989
AKN,4/15/2022,"Silverstein, Sylvie",AMCR,NB,'13-24,37.8829,-122.5007
AKN,4/15/2022,"Wiskes, Kris",OATI,AE,'12-3,38.094606,-122.605296
AKN,4/15/2022,"Wiskes, Kris",CBCH,NB,'12-3,38.094606,-122.605296
AKN,4/15/2022,"Wiskes, Kris",VGSW,NB,'12-3,38.094606,-122.605296
AKN,4/15/2022,"Wiskes, Kris",LEGO,NB,'12-3,38.094606,-122.605296
AKN,4/15/2022,"Wiskes, Kris",BEWR,NB,'12-3,38.094606,-122.605296
AKN,4/16/2022,"Hug, Lisa",DOWO,AE,'1-8,38.29209,-122.94749
AKN,4/16/2022,"Hug, Lisa",AMRO,NB,'1-8,38.29322,-122.94684
AKN,4/16/2022,"Hug, Lisa",BUOR,NB,'1-8,38.29231,-122.94728
AKN,4/16/2022,"Sexton, David",CANG,AE,'12-18,38.0781,-122.5308
AKN,4/16/2022,"Silverstein, Sylvie",ROPI,AE,'17-1,37.8596,-122.4856
AKN,4/16/2022,"Silverstein, Sylvie",EUST,NB,'17-1,37.8632,-122.4918
AKN,4/16/2022,"Silverstein, Sylvie",EUST,NY,'17-1,37.8632,-122.4918
AKN,4/16/2022,"Silverstein, Sylvie",EUST,NY,'17-1,37.8641,-122.4966
AKN,4/16/2022,"Silverstein, Sylvie",EUST,NY,'17-1,37.8641,-122.4966
AKN,4/17/2022,"Hug, Lisa",BRBL,NB,'1-22,38.29107,-122.88326
AKN,4/17/2022,"DiLuzio, Patricia",CLSW,AE,'6-20,38.0498812,-122.7599269
AKN,4/17/2022,"Hug, Lisa",HOSP,AE,'1-20,38.29581,-122.87821
AKN,4/17/2022,"Hug, Lisa",EUST,NY,'1-20,38.29686,-122.87687
AKN,4/17/2022,"Scalf, Russell",TRES,AE,'6-9,38.03483056,-122.8706278
AKN,4/17/2022,"Scalf, Russell",OSPR,NB,'6-9,38.01758889,-122.8555278
AKN,4/17/2022,"Zeno, Joseph",CLSW,NB,'12-7,38.0477241,-122.6217616
AKN,4/18/2022,"DiLuzio, Patricia",OATI,AE,'13-15,37.9642909,-122.5546692
AKN,4/18/2022,"DiLuzio, Patricia",PYNU,AE,'13-15,37.9642909,-122.5546692
AKN,4/18/2022,"DiLuzio, Patricia",BLPH,AE,'13-15,37.9636954,-122.5549652
AKN,4/18/2022,"DiLuzio, Patricia",DEJU,NB,'13-15,37.9638513,-122.5550004
AKN,4/18/2022,"Hatch, Daphne",BLPH,AE,'9-14,38.1146526,-122.652766
AKN,4/18/2022,"Hatch, Daphne",PISI,NB,'9-14,38.1145011,-122.6520146
AKN,4/18/2022,"Hatch, Daphne",EUST,NY,'9-14,38.1146526,-122.652766
AKN,4/18/2022,"Sexton, David",DEJU,NB,'13-3,37.9722,-122.605
AKN,4/18/2022,"Sexton, David",CBCH,NB,'13-3,37.9727,-122.6157
AKN,4/18/2022,"Sexton, David",CASJ,NB,'13-3,37.9741,-122.6186
AKN,4/18/2022,"Sexton, David",HOFI,NB,'13-3,37.9732,-122.6188
AKN,4/18/2022,"Sexton, David",BARS,NB,'13-3,37.9737,-122.6195
AKN,4/18/2022,"Silverstein, Sylvie",MODO,AE,'13-24,37.8922,-122.5217
AKN,4/18/2022,"Silverstein, Sylvie",ANHU,AE,'13-24,37.8927,-122.522
AKN,4/18/2022,"Silverstein, Sylvie",RSHA,AE,'13-24,37.8934,-122.5224
AKN,4/18/2022,"Silverstein, Sylvie",CORA,AE,'13-24,37.8934,-122.5224
AKN,4/19/2022,"Nigro, Larry",BLPH,NB,'12-11,38.004871,-122.604664
AKN,4/19/2022,"Nigro, Larry",HOFI,NB,'12-11,38.004871,-122.604664
AKN,4/19/2022,"Waterman, Joyce",HUVI,NB,'12-19,38.0461,-122.5414
AKN,4/19/2022,"Waterman, Joyce",AMRO,NB,'12-19,38.0499,-122.5549
AKN,4/20/2022,"DiLuzio, Patricia",BLPH,AE,'13-15,37.973618,-122.5611075
AKN,4/20/2022,"Hunn, Eugene",GBHE,AE,'8-8,38.194297,-122.702555
AKN,4/20/2022,"Hunn, Eugene",GREG,AE,'8-8,38.194297,-122.702555
AKN,4/20/2022,"Hunn, Eugene",EUST,NY,'8-8,38.191728,-122.698322
AKN,4/21/2022,"Gedney, Jack",OATI,AE,'12-6,38.0831743,-122.5853848
AKN,4/21/2022,"Nigro, Larry",HOFI,NB,'12-11,38.011014,-122.617711
AKN,4/21/2022,"Silverstein, Sylvie",HOFI,AE,'13-21,37.9031,-122.5473
AKN,4/21/2022,"Silverstein, Sylvie",NRWS,NB,'13-24,37.8813,-122.5162
AKN,4/22/2022,"Waterman, Joyce",HAWO,AE,'12-19,38.0455,-122.541107
AKN,4/22/2022,"White, Jim",WEBL,AE,'13-12,37.8917,-122.581
AKN,4/22/2022,"White, Jim",PYNU,AE,'13-12,37.8917,-122.581
AKN,4/23/2022,"Sabbag, Dede",LASP,NB,'5-15,38.21739,-122.78313
AKN,4/23/2022,"Sabbag, Dede",BARS,NB,'5-15,38.2089,-122.7934
AKN,4/23/2022,"Sabbag, Dede",HOSP,NB,'5-15,38.2086,-122.79342
AKN,4/23/2022,"Sabbag, Dede",BLPH,NY,'5-15,38.2085,-122.7935
AKN,4/23/2022,"Silverstein, Sylvie",ROPI,AE,'17-1,37.8595,-122.4854
AKN,4/23/2022,"Silverstein, Sylvie",HOFI,NB,'17-1,37.8593,-122.4783
AKN,4/23/2022,"Silverstein, Sylvie",PYNU,NB,'17-1,37.856,-122.4795
AKN,4/23/2022,"Silverstein, Sylvie",NOMO,NB,'17-1,37.8595,-122.4838
AKN,4/23/2022,"Silverstein, Sylvie",BRBL,NB,'17-1,37.8597,-122.4854
AKN,4/24/2022,"Linder, Ann",TRES,AE,'9-23,38.0194,-122.665
AKN,4/24/2022,"Scalf, Russell",TRES,AE,'6-9,38.03660833,-122.86795
AKN,4/24/2022,"Scalf, Russell",WEBL,AE,'6-9,38.03373333,-122.8699694
AKN,4/24/2022,"Scalf, Russell",BARS,NY,'6-9,38.0169,-122.853954
AKN,4/24/2022,"Sexton, David",TRES,NB,'12-20,38.0474,-122.5076
AKN,4/25/2022,"DiLuzio, Patricia",CLSW,AE,'6-20,38.0594524,-122.7668805
AKN,4/25/2022,"Nigro, Larry",HOFI,NB,'12-11,38.005195,-122.604436
AKN,4/25/2022,"Scalf, Russell",ANHU,NU,'13-16,37.96404722,-122.494225
AKN,4/25/2022,"Scalf, Russell",OATI,NY,'13-16,37.96406667,-122.493675
AKN,4/25/2022,"Scalf, Russell",SOSP,NY,'13-16,37.96634722,-122.4947194
AKN,4/25/2022,"Sexton, David",SNPL,AE,'12-18,38.0669,-122.4918
AKN,4/25/2022,"Sexton, David",BARS,AE,'12-18,38.0628,-122.4945
AKN,4/25/2022,"Sexton, David",BNST,AE,'12-18,38.0671,-122.522
AKN,4/25/2022,"Sexton, David",TRES,AE,'12-18,38.068,-122.5221
AKN,4/25/2022,"Sexton, David",WEBL,AE,'12-18,38.068,-122.5221
AKN,4/25/2022,"Sexton, David",BNST,AE,'12-18,38.0675,-122.5227
AKN,4/25/2022,"Sexton, David",HOLA,NB,'12-20,38.06,-122.4961
AKN,4/25/2022,"Sexton, David",CLSW,NB,'12-18,38.0642,-122.5159
AKN,4/25/2022,"Silverstein, Sylvie",MODO,NU,'13-24,37.885,-122.4986
AKN,4/25/2022,"White, Jim",ABOW,NY,'14-2,37.8631,-122.5688
AKN,4/26/2022,"Kelly, Susan",TRES,AE,'12-22,38.0241,-122.51912
AKN,4/26/2022,"Kelly, Susan",CLSW,AE,'12-22,38.0241,-122.51913
AKN,4/26/2022,"Linder, Ann",SPTO,NB,'6-21,38.0406,-122.7956
AKN,4/26/2022,"Linder, Ann",EUST,NY,'6-21,38.0394,-122.7998
AKN,4/26/2022,"Silverstein, Sylvie",BARS,NB,'8-12,38.1378,-122.7098
AKN,4/26/2022,"Silverstein, Sylvie",CLSW,NB,'8-12,38.1378,-122.7098
AKN,4/26/2022,"Silverstein, Sylvie",BRBL,NY,'8-12,38.1371,-122.71
AKN,4/27/2022,"Brown, Ronald",BLPH,AE,'10-1,37.9802,-122.737
AKN,4/27/2022,"Humple, Diana",CLSW,NB,'10-10,37.9102,-122.684
AKN,4/27/2022,"Humple, Diana",HOSP,NB,'10-10,37.91001,-122.68498
AKN,4/27/2022,"Lumpkin, David",TRES,NB,'2-20,38.171217,-122.901078
AKN,4/28/2022,"Scalf, Russell",HOSP,NY,'13-16,37.96953056,-122.5157222
AKN,4/28/2022,"Scalf, Russell",HOSP,NY,'13-16,37.96969722,-122.5166333
AKN,4/28/2022,"Scalf, Russell",ROPI,NY,'13-16,37.96975,-122.5169056
AKN,4/28/2022,"Scalf, Russell",HOSP,NY,'13-16,37.96952778,-122.51695
AKN,4/28/2022,"Sexton, David",CALT,NB,'13-3,37.9775,-122.6139
AKN,4/28/2022,"Scalf, Russell",WEBL,NY,'16-1,37.980338,-122.477715
AKN,4/29/2022,"Battagin, Bob",CLSW,AE,'9-3,38.08343,-122.72967
AKN,4/29/2022,"Battagin, Bob",RTHA,AE,'9-3,38.095882,-122.733943
AKN,4/29/2022,"Battagin, Bob",WTKI,AE,'9-3,38.092701,-122.735089
AKN,4/29/2022,"Battagin, Bob",GBHE,NB,'9-3,38.0847667,-122.7359054
AKN,4/29/2022,"DiLuzio, Patricia",BUSH,AE,'9-7,38.0429637,-122.7468562
AKN,4/29/2022,"DiLuzio, Patricia",TRES,AE,'6-20,38.0479902,-122.755391
AKN,4/29/2022,"DiLuzio, Patricia",CBCH,AE,'6-20,38.0479902,-122.755391
AKN,4/29/2022,"DiLuzio, Patricia",DEJU,NB,'6-20,38.0467358,-122.7529642
AKN,4/29/2022,"DiLuzio, Patricia",CORA,NB,'6-20,38.0504163,-122.7600396
AKN,4/29/2022,"Humple, Diana",WEBL,AE,'10-10,37.90756,-122.70365
AKN,4/29/2022,"Silverstein, Sylvie",CLSW,AE,'13-24,37.8829,-122.4998
AKN,4/29/2022,"Silverstein, Sylvie",DEJU,AE,'13-24,37.889,-122.5108
AKN,4/29/2022,"Silverstein, Sylvie",CORA,AE,'13-24,37.8884,-122.5143
AKN,4/29/2022,"Silverstein, Sylvie",DCCO,AE,'13-24,37.8873,-122.5144
AKN,4/29/2022,"Silverstein, Sylvie",GBHE,AE,'13-24,37.8873,-122.5144
AKN,4/29/2022,"Silverstein, Sylvie",GREG,AE,'13-24,37.8873,-122.5144
AKN,4/29/2022,"Silverstein, Sylvie",EUST,NB,'13-24,37.884,-122.4985
AKN,4/29/2022,"Silverstein, Sylvie",HOFI,NB,'13-24,37.8838,-122.5008
AKN,4/29/2022,"Silverstein, Sylvie",GBHE,NY,'13-24,37.8873,-122.5144
AKN,4/29/2022,"Silverstein, Sylvie",ANHU,NY,'13-24,37.8886,-122.5156
AKN,4/29/2022,"Stanton, Heller",ACWO,AE,'13-2,37.99824,-122.57461
AKN,4/29/2022,"Stanton, Heller",CASJ,NB,'12-12,38.00267,-122.57017
AKN,4/29/2022,"Stanton, Heller",DEJU,NB,'13-2,37.99819,-122.57316
AKN,4/30/2022,"Battagin, Bob",CORA,AE,'9-3,38.0847,-122.7259
AKN,4/30/2022,"Battagin, Bob",GBHE,AE,'9-3,38.0847667,-122.7259054
AKN,4/30/2022,"Kelly, Susan",TRES,AE,'12-22,38.04117,-122.51953
AKN,4/30/2022,"Kelly, Susan",NOMO,NB,'12-22,38.04156,-122.52018
AKN,4/30/2022,"Stanton, Heller",HOFI,AE,'13-14,37.98184,-122.51631
AKN,5/1/2022,"DiLuzio, Patricia",EUCD,AE,'13-15,37.9764715,-122.5355102
AKN,5/1/2022,"DiLuzio, Patricia",PYNU,AE,'13-15,37.9642909,-122.5546692
AKN,5/1/2022,"DiLuzio, Patricia",ACWO,AE,'13-15,37.9626393,-122.5550586
AKN,5/1/2022,"DiLuzio, Patricia",EUST,AE,'13-15,37.961085,-122.556011
AKN,5/1/2022,"Sabbag, Dede",BEWR,NB,'5-15,38.2111,-122.78158
AKN,5/1/2022,"Sabbag, Dede",BUSH,NB,'5-15,38.2096,-122.78247
AKN,5/1/2022,"Sabbag, Dede",WEKI,NB,'5-15,38.20924,-122.79111
AKN,5/1/2022,"Sabbag, Dede",CLSW,NB,'5-15,38.20853,-122.7933
AKN,5/1/2022,"Sabbag, Dede",EUCD,NB,'5-15,38.20891,-122.79346
AKN,5/1/2022,"Sabbag, Dede",HOSP,NY,'5-15,38.2085,-122.7925
AKN,5/1/2022,"Silverstein, Sylvie",ROPI,AE,'17-1,37.8596,-122.4856
AKN,5/1/2022,"Silverstein, Sylvie",BRBL,AE,'17-1,37.8596,-122.4856
AKN,5/1/2022,"Silverstein, Sylvie",HOSP,NB,'17-1,37.8593,-122.4855
AKN,5/1/2022,"Silverstein, Sylvie",RWBL,NB,'17-1,37.8607,-122.4866
AKN,5/1/2022,"Silverstein, Sylvie",BARS,NB,'17-1,37.8607,-122.4874
AKN,5/1/2022,"Silverstein, Sylvie",HOSP,NB,'17-1,37.8607,-122.4874
AKN,5/2/2022,"Gedney, Jack",BLPH,AE,'12-6,38.076439,-122.583768
AKN,5/2/2022,"Gedney, Jack",HOFI,AE,'12-6,38.076439,-122.583768
AKN,5/2/2022,"MACKENZIE, DAVID",VGSW,NB,'13-12,37.8762,-122.583
AKN,5/2/2022,"Schriock, Beth",HOFI,AE,'12-17,38.07002,-122.55574
AKN,5/2/2022,"Sexton, David",ABOW,NY,'6-17,38.0806,-122.8044
AKN,5/2/2022,"Silverstein, Sylvie",AMRO,NB,'13-21,37.9155,-122.5369
AKN,5/3/2022,"Hug, Lisa",VGSW,AE,'1-20,38.3024,-122.8973
AKN,5/3/2022,"Hug, Lisa",RTHA,AE,'1-20,38.3096,-122.8982
AKN,5/3/2022,"Hug, Lisa",AMGO,NB,'1-20,38.3131,-122.8974
AKN,5/3/2022,"Hug, Lisa",HOSP,NY,'1-20,38.2995,-122.8965
AKN,5/3/2022,"Humple, Diana",TRES,AE,'10-8,37.92191,-122.68999
AKN,5/3/2022,"Lumpkin, David",GREG,NE,'2-17,38.1893324,-122.9136048
AKN,5/3/2022,"Lumpkin, David",GBHE,NY,'2-17,38.1893324,-122.9136048
AKN,5/3/2022,"Lumpkin, David",GREG,NY,'2-17,38.1893324,-122.9136048
AKN,5/3/2022,"Starritt, Jeanine",WEBL,AE,'11-10,38.1522,-122.571
AKN,5/3/2022,"Starritt, Jeanine",CLSW,AE,'11-10,38.1525,-122.5713
AKN,5/4/2022,"Battagin, Bob",CLSW,AE,'9-3,38.08343,-122.72967
AKN,5/4/2022,"Battagin, Bob",BARS,AE,'9-3,38.096453,-122.730256
AKN,5/4/2022,"Battagin, Bob",RTHA,AE,'9-3,38.095882,-122.733943
AKN,5/4/2022,"Battagin, Bob",WTKI,NY,'9-3,38.092765,-122.735002
AKN,5/4/2022,"Kelly, Susan",HOFI,AE,'8-12,38.13756,-122.7095
AKN,5/4/2022,"Kelly, Susan",BLPH,AE,'8-12,38.13729,-122.7106
AKN,5/4/2022,"Kelly, Susan",CLSW,NB,'8-12,38.13805,-122.7102
AKN,5/4/2022,"Kelly, Susan",BRBL,NB,'8-12,38.13772,-122.71092
AKN,5/4/2022,"Kelly, Susan",BARS,NU,'8-12,38.13757,-122.70962
AKN,5/4/2022,"Scalf, Russell",NOFL,AE,'6-9,38.03380278,-122.8710167
AKN,5/4/2022,"Scalf, Russell",CBCH,AE,'6-9,38.03104722,-122.87225
AKN,5/4/2022,"Scalf, Russell",BARS,NY,'13-16,37.97368611,-122.4804944
AKN,5/4/2022,"Schriock, Beth",EUST,NY,'12-17,38.07417,-122.54611
AKN,5/4/2022,"Silverstein, Sylvie",WEBL,NB,'13-24,37.8856,-122.508
AKN,5/5/2022,"Battagin, Bob",RTHA,AE,'9-3,38.095882,-122.733943
AKN,5/5/2022,"DiLuzio, Patricia",CASJ,AE,'9-7,38.0443846,-122.7477896
AKN,5/5/2022,"DiLuzio, Patricia",SAVS,AE,'6-20,38.0427839,-122.7624717
AKN,5/5/2022,"MACKENZIE, DAVID",CORA,NB,'13-12,37.8826,-122.5768
AKN,5/5/2022,"Medley, Jane",EUST,AE,'12-24,38.0153,-122.5038
AKN,5/5/2022,"Medley, Jane",TRES,NY,'12-24,38.0015,-122.5006
AKN,5/5/2022,"Medley, Jane",TRES,NY,'12-24,38.0125,-122.5014
AKN,5/5/2022,"Merritt, Alex",CAQU,AE,'14-13,37.854636,-122.539586
AKN,5/5/2022,"Merritt, Alex",BUSH,NB,'14-13,37.855418,-122.539359
AKN,5/6/2022,"Battagin, Bob",RTHA,AE,'9-3,38.095882,-122.733943
AKN,5/6/2022,"Hatch, Daphne",WITU,NE,'9-14,38.1096494,-122.6509115
AKN,5/6/2022,"Hatch, Daphne",NUWO,NY,'9-14,38.107182,-122.651111
AKN,5/6/2022,"Hug, Lisa",CLSW,AE,'4-12,38.2589,-122.8383
AKN,5/6/2022,"Hug, Lisa",TRES,AE,'4-12,38.2532,-122.8391
AKN,5/6/2022,"Hug, Lisa",BRBL,NB,'4-12,38.263,-122.8379
AKN,5/6/2022,"Hug, Lisa",BRBL,NB,'4-12,38.2529,-122.839
AKN,5/6/2022,"Hug, Lisa",GBHE,NY,'4-12,38.2628,-122.8418
AKN,5/6/2022,"Weissman, Evan",NUWO,AE,'17-13,37.86609025,-122.4349454
AKN,5/6/2022,"Weissman, Evan",DEJU,NB,'17-13,37.86566921,-122.4355828
AKN,5/6/2022,"Weissman, Evan",HOFI,NY,'17-13,37.86590398,-122.4351163
AKN,5/7/2022,"DiLuzio, Patricia",AMCR,NB,'13-15,37.965866,-122.5365663
AKN,5/7/2022,"Kelly, Susan",MODO,NB,'11-11,38.13894,-122.60425
AKN,5/7/2022,"Kelly, Susan",BUSH,NB,'11-11,38.13604,-122.60506
AKN,5/7/2022,"Sabbag, Dede",WEME,NB,'5-17,38.20397,-122.78745
AKN,5/7/2022,"Sabbag, Dede",BARS,NB,'5-15,38.20868,-122.79369
AKN,5/7/2022,"Schriock, Beth",EUST,AE,'12-17,38.07417,-122.54611
AKN,5/8/2022,"Medley, Jane",BLPH,NY,'12-24,38.0014,-122.501
AKN,5/8/2022,"Wood, Julian",DEJU,NB,'10-13,37.99505,-122.6652
AKN,5/8/2022,"Wood, Julian",WAVI,NE,'10-13,37.989683,-122.685583
AKN,5/8/2022,"Wood, Julian",WIWA,NY,'10-13,37.991483,-122.6611
AKN,5/9/2022,"Schriock, Beth",HOOR,AE,'12-17,38.07095,-122.54571
AKN,5/9/2022,"Schriock, Beth",EUST,AE,'12-17,38.08158,-122.55288
AKN,5/9/2022,"Schriock, Beth",EUST,NY,'12-17,38.08158,-122.55288
AKN,5/9/2022,"Silverstein, Sylvie",WEGU,AE,'17-1,37.8581,-122.4786
AKN,5/9/2022,"Silverstein, Sylvie",HOFI,NB,'17-1,37.8581,-122.4836
AKN,5/9/2022,"Silverstein, Sylvie",HOSP,NB,'17-1,37.8591,-122.4846
AKN,5/10/2022,"Gedney, Jack",HOFI,AE,'12-6,38.076188,-122.575663
AKN,5/10/2022,"Starritt, Jeanine",CLSW,AE,'11-10,38.1525,-122.5713
AKN,5/10/2022,"Waterman, Joyce",ACWO,AE,'12-19,38.04631,-122.54261
AKN,5/10/2022,"Waterman, Joyce",CALT,NB,'12-19,38.04618,-122.54301
AKN,5/11/2022,"DiLuzio, Patricia",AMCR,NB,'13-15,37.9752473,-122.5329725
AKN,5/11/2022,"Sexton, David",HOFI,AE,'12-18,38.0747,-122.4935
AKN,5/11/2022,"Sexton, David",RTHA,AE,'12-18,38.0747,-122.4935
AKN,5/11/2022,"Sexton, David",AMAV,AE,'12-18,38.0806,-122.5026
AKN,5/11/2022,"Sexton, David",BNST,AE,'12-18,38.083,-122.5036
AKN,5/11/2022,"Sexton, David",EUST,NB,'12-18,38.0806,-122.5026
AKN,5/11/2022,"Sexton, David",HOFI,NB,'12-18,38.083,-122.5036
AKN,5/11/2022,"Silverstein, Sylvie",BARS,NB,'17-1,37.8607,-122.4875
AKN,5/12/2022,"Humple, Diana",HAWO,NY,'6-7,38.045005,-122.873803
AKN,5/12/2022,"Medley, Jane",BLPH,NU,'12-24,38.0014,-122.501
AKN,5/12/2022,"Scalf, Russell",PYNU,AE,'6-5,38.077841,-122.852869
AKN,5/12/2022,"Scalf, Russell",PYNU,AE,'6-9,38.01777806,-122.8557972
AKN,5/12/2022,"Scalf, Russell",TRES,AE,'6-9,38.01780444,-122.8558111
AKN,5/12/2022,"Scalf, Russell",VGSW,AE,'6-9,38.01778056,-122.8558889
AKN,5/12/2022,"Scalf, Russell",CORA,NY,'6-9,38.01693167,-122.8549833
AKN,5/12/2022,"Schriock, Beth",HOOR,AE,'12-17,38.07227,-122.55479
AKN,5/12/2022,"Scalf, Russell",NRWS,AE,'6-9,38.013104,-122.84987
AKN,5/13/2022,"DiLuzio, Patricia",CLSW,AE,'6-20,38.0498812,-122.7599269
AKN,5/13/2022,"DiLuzio, Patricia",CORA,NB,'6-20,38.0502853,-122.7592148
AKN,5/13/2022,"Hatch, Daphne",RTHA,NY,'9-14,38.11265,-122.635309
AKN,5/13/2022,"Hatch, Daphne",BAEA,NY,'9-16,38.101522,-122.65232
AKN,5/13/2022,"Kelly, Susan",CLSW,AE,'12-22,38.02382,-122.52011
AKN,5/13/2022,"Kelly, Susan",TRES,AE,'12-22,38.02272,-122.52324
AKN,5/13/2022,"Kelly, Susan",CLSW,AE,'12-24,38.01735,-122.52972
AKN,5/13/2022,"Kelly, Susan",MODO,NB,'12-22,38.02226,-122.52344
AKN,5/13/2022,"Kelly, Susan",GREG,NY,'12-24,38.0174,-122.52968
AKN,5/13/2022,"Kelly, Susan",GBHE,NY,'12-24,38.0174,-122.52968
AKN,5/13/2022,"Merritt, Alex",CASJ,NB,'14-13,37.87107,-122.536888
AKN,5/13/2022,"Silverstein, Sylvie",ANHU,NB,'13-21,37.9157,-122.5319
AKN,5/13/2022,"Silverstein, Sylvie",ALHU,NB,'13-21,37.9157,-122.5319
AKN,5/14/2022,"DiLuzio, Patricia",NUWO,NY,'13-15,37.975093,-122.5620614
AKN,5/14/2022,"Humple, Diana",VGSW,AE,'10-10,37.90714,-122.70328
AKN,5/14/2022,"Sabbag, Dede",BLPH,NB,'5-17,38.19421,-122.78938
AKN,5/14/2022,"Sabbag, Dede",SPTO,NB,'5-17,38.19341,-122.79088
AKN,5/14/2022,"Sabbag, Dede",AMRO,NB,'5-17,38.19195,-122.79222
AKN,5/15/2022,"Hatch, Daphne",SOSP,NB,'9-14,38.110687,-122.653208
AKN,5/15/2022,"Linder, Ann",VGSW,AE,'9-23,38.0133,-122.6602
AKN,5/15/2022,"Schriock, Beth",CLSW,AE,'12-17,38.08125,-122.54459
AKN,5/15/2022,"Schriock, Beth",NOMO,NB,'12-17,38.076111,-122.541667
AKN,5/15/2022,"Schriock, Beth",CLSW,NB,'12-17,38.08125,-122.54459
AKN,5/15/2022,"Schriock, Beth",HOFI,NB,'12-17,38.08125,-122.54459
AKN,5/15/2022,"Schriock, Beth",NRWS,NB,'12-17,38.08195,-122.54485
AKN,5/15/2022,"Silverstein, Sylvie",HOFI,NB,'17-1,37.8592,-122.4838
AKN,5/15/2022,"Silverstein, Sylvie",HOFI,NY,'17-1,37.8602,-122.4867
AKN,5/16/2022,"DiLuzio, Patricia",EUST,AE,'9-9,38.0395107,-122.7464109
AKN,5/16/2022,"DiLuzio, Patricia",BLPH,NU,'9-9,38.04026,-122.7463
AKN,5/16/2022,"Hunn, Eugene",GBHE,AE,'8-8,38.193949,-122.702609
AKN,5/16/2022,"Hunn, Eugene",GREG,AE,'8-8,38.193949,-122.702609
AKN,5/16/2022,"Hunn, Eugene",HOSP,AE,'8-8,38.191962,-122.702829
AKN,5/16/2022,"Hunn, Eugene",BARS,AE,'8-8,38.191239,-122.703138
AKN,5/16/2022,"Hunn, Eugene",HOFI,AE,'8-8,38.192385,-122.7035761
AKN,5/16/2022,"Hunn, Eugene",TRES,NY,'8-8,38.168749,-122.717435
AKN,5/16/2022,"Medley, Jane",GREG,NY,'12-24,38.0174,-122.5296
AKN,5/16/2022,"Medley, Jane",GBHE,NY,'12-24,38.0174,-122.5296
AKN,5/16/2022,"Medley, Jane",CLSW,NY,'12-24,38.0173,-122.5297
AKN,5/17/2022,"Humple, Diana",ACWO,AE,'13-7,37.91812,-122.61042
AKN,5/17/2022,"Medley, Jane",TUVU,NE,'12-24,38.009,-122.5239
AKN,5/17/2022,"Silverstein, Sylvie",TRES,AE,'8-12,38.1375,-122.7093
AKN,5/17/2022,"Silverstein, Sylvie",BARS,AE,'8-12,38.1373,-122.7099
AKN,5/17/2022,"Silverstein, Sylvie",CLSW,AE,'8-12,38.1368,-122.7103
AKN,5/17/2022,"Silverstein, Sylvie",BRBL,NB,'8-12,38.1373,-122.7091
AKN,5/17/2022,"Starritt, Jeanine",CLSW,AE,'11-10,38.1525,-122.5713
AKN,5/18/2022,"DiLuzio, Patricia",BRBL,NB,'6-20,38.0461283,-122.7681898
AKN,5/18/2022,"Herlocker, David",WBNU,AE,'12-1,38.1126,-122.6169
AKN,5/18/2022,"Herlocker, David",NOMO,NY,'12-1,38.1126,-122.6163
AKN,5/18/2022,"Kelly, Susan",BARS,AE,'12-22,38.0334,-122.50349
AKN,5/18/2022,"Kelly, Susan",CORA,NY,'12-22,38.03107,-122.50356
AKN,5/19/2022,"Linder, Ann",WEFL,NY,'9-23,38.0207,-122.6613
AKN,5/19/2022,"Silverstein, Sylvie",CALT,AE,'13-21,37.9118,-122.5524
AKN,5/19/2022,"Silverstein, Sylvie",BRCR,NB,'13-21,37.9096,-122.5486
AKN,5/20/2022,"DiLuzio, Patricia",HOFI,AE,'9-7,38.0441622,-122.7486036
AKN,5/20/2022,"DiLuzio, Patricia",WEFL,AE,'9-7,38.0441171,-122.7489282
AKN,5/20/2022,"DiLuzio, Patricia",OSFL,NB,'9-7,38.0441021,-122.7488582
AKN,5/20/2022,"Starritt, Jeanine",CLSW,AE,'11-10,38.1525,-122.5713
AKN,5/21/2022,"Hunn, Eugene",CLSW,NB,'11-8,38.185764,-122.579798
AKN,5/21/2022,"Clark, Everett",ROPI,NB,'16-3,37.87298,-122.45568
AKN,5/21/2022,"Clark, Everett",PYNU,NY,'16-3,37.878,-122.46097
AKN,5/21/2022,"Hunn, Eugene",CLSW,NB,'11-7,38.185183,-122.600784
AKN,5/21/2022,"Hunn, Eugene",HOFI,NB,'11-8,38.186981,-122.591933
AKN,5/21/2022,"Kelly, Susan",CLSW,AE,'12-22,38.0255,-122.51773
AKN,5/21/2022,"Sexton, David",BNST,AE,'12-20,38.0616,-122.497
AKN,5/21/2022,"Sexton, David",TRES,AE,'12-18,38.0657,-122.5196
AKN,5/21/2022,"Silverstein, Sylvie",WEGU,AE,'17-1,37.8581,-122.4786
AKN,5/21/2022,"Silverstein, Sylvie",BRBL,NB,'17-1,37.8597,-122.4851
AKN,5/21/2022,"Silverstein, Sylvie",ROPI,NY,'17-1,37.8597,-122.4854
AKN,5/21/2022,"Silverstein, Sylvie",BRBL,NY,'17-1,37.8597,-122.4854
AKN,5/21/2022,"Stanton, Heller",TRES,AE,'13-2,37.98454,-122.56463
AKN,5/21/2022,"Stanton, Heller",ACWO,AE,'12-12,38.00234,-122.56684
AKN,5/21/2022,"Stanton, Heller",AMCR,NY,'13-2,37.98355,-122.5658
AKN,5/22/2022,"DiLuzio, Patricia",BGGN,AE,'13-15,37.9686493,-122.5457914
AKN,5/22/2022,"DiLuzio, Patricia",LEGO,AE,'13-15,37.9685919,-122.5458115
AKN,5/22/2022,"Schriock, Beth",WEBL,AE,'12-17,38.07405,-122.54779
AKN,5/22/2022,"Schriock, Beth",HOOR,AE,'12-17,38.08028,-122.55111
AKN,5/22/2022,"Schriock, Beth",HOOR,NY,'12-17,38.08028,-122.55111
AKN,5/23/2022,"Hug, Lisa",BARS,AE,'4-9,38.2718,-122.8439
AKN,5/23/2022,"Hug, Lisa",BLPH,AE,'4-9,38.2715,-122.8439
AKN,5/23/2022,"Hug, Lisa",EUST,AE,'4-12,38.2525,-122.8145
AKN,5/23/2022,"Hug, Lisa",CLSW,AE,'4-12,38.2591,-122.8384
AKN,5/23/2022,"Hug, Lisa",AMGO,NB,'4-12,38.2556,-122.8385
AKN,5/23/2022,"Hug, Lisa",BUOR,NB,'4-12,38.2544,-122.8388
AKN,5/23/2022,"Hunn, Eugene",HOFI,AE,'11-7,38.177685,-122.601698
AKN,5/23/2022,"Sabbag, Dede",CLSW,AE,'5-15,38.20853,-122.7933
AKN,5/23/2022,"Sabbag, Dede",BARS,AE,'5-15,38.20891,-122.79346
AKN,5/23/2022,"Sabbag, Dede",HOSP,AE,'5-15,38.20891,-122.79346
AKN,5/23/2022,"Sabbag, Dede",WEBL,AE,'5-15,38.20861,-122.79393
AKN,5/23/2022,"Sexton, David",DEJU,NB,'13-3,37.9787,-122.6166
AKN,5/24/2022,"Battagin, Bob",RTHA,NY,'9-3,38.095904,-122.733895
AKN,5/24/2022,"Crumpler, Jim",GHOW,AE,'11-10,38.153352,-122.570999
AKN,5/24/2022,"Crumpler, Jim",ROPI,AE,'11-10,38.15356,-122.572553
AKN,5/24/2022,"Crumpler, Jim",VGSW,NB,'11-10,38.153805,-122.569008
AKN,5/24/2022,"Crumpler, Jim",STJA,NB,'11-10,38.153526,-122.570168
AKN,5/24/2022,"Crumpler, Jim",ACWO,NB,'11-10,38.153406,-122.570733
AKN,5/24/2022,"Crumpler, Jim",BLPH,NB,'11-10,38.153427,-122.57277
AKN,5/24/2022,"Crumpler, Jim",TRES,NY,'11-10,38.153753,-122.569195
AKN,5/24/2022,"DiLuzio, Patricia",EUST,AE,'9-9,38.0406076,-122.7461508
AKN,5/24/2022,"DiLuzio, Patricia",EUST,NY,'9-9,38.0406076,-122.7461508
AKN,5/24/2022,"Sexton, David",ABOW,NY,'6-17,38.0811,-122.8044
AKN,5/24/2022,"Starritt, Jeanine",CLSW,AE,'11-10,38.1525,-122.5713
AKN,5/25/2022,"Hunn, Eugene",EUST,AE,'9-5,38.073168,-122.719995
AKN,5/25/2022,"Hunn, Eugene",CLSW,AE,'9-6,38.071152,-122.716524
AKN,5/25/2022,"Hunn, Eugene",CLSW,AE,'9-6,38.071709,-122.717789
AKN,5/25/2022,"Linder, Ann",VGSW,AE,'6-21,38.0334,-122.8022
AKN,5/25/2022,"Linder, Ann",OSPR,AE,'6-21,38.0334,-122.8024
AKN,5/25/2022,"Sexton, David",GREG,AE,'12-18,38.078,-122.5311
AKN,5/25/2022,"Sexton, David",GBHE,AE,'12-18,38.078,-122.5311
AKN,5/26/2022,"Battagin, Bob",RTHA,NY,'6-16,38.0994117,-122.7509425
AKN,5/26/2022,"Battagin, Bob",HOFI,NB,'9-3,38.0984539,-122.7499947
AKN,5/26/2022,"Hug, Lisa",ALHU,NB,'1-19,38.3001,-122.926
AKN,5/27/2022,"Hunn, Eugene",RSHA,NY,'8-19,38.187086,-122.663906
AKN,5/28/2022,"Michl, Lisa",SOSP,AE,'12-15,38.0893,-122.558
AKN,5/29/2022,"Hatch, Daphne",NOMO,AE,'9-14,38.1121579,-122.6250782
AKN,5/29/2022,"Hatch, Daphne",LEGO,NB,'9-14,38.1123122,-122.6251429
AKN,5/29/2022,"Medley, Jane",RTHA,NY,'12-24,38.0134,-122.5064
AKN,5/29/2022,"Schriock, Beth",ACWO,AE,'12-17,38.0825,-122.554
AKN,5/30/2022,"Schriock, Beth",HOOR,AE,'12-17,38.0718,-122.5549
AKN,5/30/2022,"Schriock, Beth",HOOR,AE,'12-17,38.0725,-122.5556
AKN,5/30/2022,"Sexton, David",TRES,AE,'3-10,38.0293,-122.9624
AKN,5/31/2022,"Medley, Jane",ANHU,NU,'12-24,38.0124,-122.5302
AKN,6/1/2022,"Lawrence, Rachel",VGSW,AE,'3-17,38.0744,-122.9148
AKN,6/1/2022,"Lawrence, Rachel",TRES,AE,'3-17,38.0713,-122.9171
AKN,6/1/2022,"Lawrence, Rachel",TRES,AE,'3-17,38.0707,-122.918
AKN,6/1/2022,"Lawrence, Rachel",BARS,NB,'3-17,38.0819,-122.9142
AKN,6/1/2022,"Lawrence, Rachel",HAWO,NB,'3-17,38.0733,-122.9164
AKN,6/1/2022,"Lawrence, Rachel",AMGO,NB,'3-17,38.0739,-122.9177
AKN,6/1/2022,"Lawrence, Rachel",BARS,NY,'3-17,38.0819,-122.9142
AKN,6/1/2022,"Lawrence, Rachel",PYNU,NY,'3-17,38.0749,-122.9155
AKN,6/1/2022,"Legge, William",BLOY,AE,'14-18,37.8203,-122.5279
AKN,6/1/2022,"Legge, William",WEGU,AE,'14-18,37.8203,-122.5279
AKN,6/1/2022,"Legge, William",BRAC,AE,'14-18,37.824,-122.5367
AKN,6/1/2022,"Legge, William",PECO,AE,'14-18,37.8239,-122.5368
AKN,6/2/2022,"Linder, Ann",TRES,AE,'9-23,38.01397,-122.65744
AKN,6/3/2022,"DiLuzio, Patricia",BUOR,AE,'9-9,38.0394352,-122.746482
AKN,6/3/2022,"Weissman, Evan",SPTO,NB,'17-13,37.85775803,-122.4251227
AKN,6/3/2022,"White, Jim",EUST,AE,'14-2,37.8617,-122.5767
AKN,6/4/2022,"Scalf, Russell",NRWS,AE,'13-16,37.959212,-122.509274
AKN,6/4/2022,"Scalf, Russell",NRWS,AE,'13-16,37.959145,-122.509247
AKN,6/4/2022,"Scalf, Russell",WTSW,AE,'13-16,37.958559,-122.509173
AKN,6/4/2022,"Scalf, Russell",ROPI,NE,'13-16,37.958993,-122.509191
AKN,6/4/2022,"Scalf, Russell",ROPI,NE,'13-16,37.958993,-122.509191
AKN,6/4/2022,"DiLuzio, Patricia",DEJU,NB,'13-15,37.9686747,-122.5435585
AKN,6/4/2022,"Scalf, Russell",NRWS,AE,'13-16,37.96739056,-122.5212028
AKN,6/4/2022,"Scalf, Russell",NRWS,AE,'13-16,37.96736778,-122.5213056
AKN,6/4/2022,"Scalf, Russell",NRWS,AE,'13-16,37.96732639,-122.5213111
AKN,6/4/2022,"Scalf, Russell",NRWS,AE,'13-16,37.96734306,-122.5213972
AKN,6/4/2022,"Scalf, Russell",NRWS,AE,'13-16,37.96726139,-122.5214917
AKN,6/4/2022,"Scalf, Russell",NRWS,AE,'13-16,37.96726889,-122.52155
AKN,6/4/2022,"Schriock, Beth",WEBL,AE,'12-17,38.0808,-122.552
AKN,6/6/2022,"Hunn, Eugene",ATFL,NY,'9-8,38.050648,-122.690485
AKN,6/6/2022,"Sabbag, Dede",WEKI,AE,'5-15,38.20924,-122.79111
AKN,6/6/2022,"Sabbag, Dede",HOSP,AE,'5-15,38.20891,-122.79346
AKN,6/6/2022,"Sabbag, Dede",BUOR,NY,'5-15,38.20866,-122.79316
AKN,6/6/2022,"Sabbag, Dede",CLSW,NY,'5-15,38.20853,-122.7933
AKN,6/6/2022,"Sabbag, Dede",BARS,NY,'5-15,38.20891,-122.79346
AKN,6/6/2022,"Schriock, Beth",HOFI,NB,'12-17,38.07994,-122.55965
AKN,6/6/2022,"Schriock, Beth",HOFI,NB,'12-17,38.08176,-122.55969
AKN,6/6/2022,"Schriock, Beth",BEWR,NY,'12-17,38.06995,-122.54605
AKN,6/6/2022,"Silverstein, Sylvie",BNST,AE,'13-24,37.8857,-122.5229
AKN,6/6/2022,"Silverstein, Sylvie",BNST,AE,'13-24,37.8889,-122.5248
AKN,6/6/2022,"Silverstein, Sylvie",BNST,NE,'13-24,37.8889,-122.5248
AKN,6/6/2022,"Silverstein, Sylvie",TRES,NY,'13-24,37.8856,-122.5226
AKN,6/6/2022,"Waterman, Joyce",AMRO,NB,'12-19,38.0471,-122.5483
AKN,6/7/2022,"DiLuzio, Patricia",ALHU,AE,'9-7,38.0441021,-122.7488582
AKN,6/7/2022,"DiLuzio, Patricia",TRES,AE,'6-20,38.0452976,-122.7503199
AKN,6/7/2022,"DiLuzio, Patricia",AMGO,NB,'9-7,38.0441021,-122.7488582
AKN,6/7/2022,"Hatch, Daphne",BLPH,AE,'11-11,38.138175,-122.621351
AKN,6/7/2022,"Humple, Diana",TRES,AE,'6-7,38.04911,-122.86961
AKN,6/7/2022,"Lau, Matt",SNPL,NE,'3-2,38.11465,-122.95955
AKN,6/7/2022,"Lau, Matt",SNPL,NE,'3-2,38.11339,-122.96012
AKN,6/7/2022,"Lau, Matt",WCSP,NE,'3-2,38.10774,-122.96052
AKN,6/7/2022,"Lau, Matt",SNPL,NE,'3-2,38.11143,-122.96102
AKN,6/7/2022,"Lau, Matt",CORA,NU,'3-2,38.11872,-122.95165
AKN,6/7/2022,"Linder, Ann",ACWO,AE,'6-21,38.03897,-122.79317
AKN,6/7/2022,"Linder, Ann",WEWP,NB,'6-21,38.03873,-122.78584
AKN,6/7/2022,"Silverstein, Sylvie",ACWO,AE,'13-21,37.9145,-122.5367
AKN,6/7/2022,"Silverstein, Sylvie",ACWO,AE,'13-21,37.9145,-122.5367
AKN,6/8/2022,"DiLuzio, Patricia",CLSW,AE,'6-20,38.0503125,-122.7597979
AKN,6/8/2022,"Hunn, Eugene",RTHA,NU,'11-8,38.173273,-122.571667
AKN,6/9/2022,"Schriock, Beth",EUST,AE,'12-17,38.08109,-122.55182
AKN,6/9/2022,"Weissman, Evan",RTHA,NY,'17-13,37.859202,-122.441583
AKN,6/10/2022,"DiLuzio, Patricia",BUSH,AE,'9-7,38.0441308,-122.7485369
AKN,6/10/2022,"DiLuzio, Patricia",HOFI,AE,'9-7,38.0441129,-122.7486006
AKN,6/10/2022,"DiLuzio, Patricia",ALHU,AE,'9-7,38.0441021,-122.7488582
AKN,6/10/2022,"DiLuzio, Patricia",AMGO,AE,'9-7,38.0441021,-122.7488582
AKN,6/10/2022,"DiLuzio, Patricia",AMGO,AE,'9-7,38.0441021,-122.7488582
AKN,6/10/2022,"Medley, Jane",VGSW,AE,'12-24,38.0093,-122.5028
AKN,6/11/2022,"Hug, Lisa",CALT,NB,'1-20,38.2934,-122.8818
AKN,6/11/2022,"Hug, Lisa",BUSH,NY,'1-19,38.3023,-122.9238
AKN,6/11/2022,"Scalf, Russell",BNST,NE,'13-16,37.96379444,-122.4903556
AKN,6/11/2022,"Scalf, Russell",BNST,NE,'13-16,37.96497778,-122.4911889
AKN,6/13/2022,"Hatch, Daphne",BLPH,AE,'11-11,38.138176,-122.621364
AKN,6/13/2022,"Hatch, Daphne",MODO,NB,'11-11,38.141466,-122.604724
AKN,6/13/2022,"Hunn, Eugene",TRES,AE,'9-6,38.064945,-122.704693
AKN,6/13/2022,"Hunn, Eugene",WEFL,AE,'9-8,38.050532,-122.712819
AKN,6/13/2022,"Hunn, Eugene",CLSW,NE,'9-6,38.065169,-122.7051
AKN,6/13/2022,"Hunn, Eugene",RTHA,NY,'9-6,38.063501,-122.704434
AKN,6/15/2022,"DiLuzio, Patricia",EUST,NY,'9-9,38.0346627,-122.74446
AKN,6/15/2022,"Elrod, Megan",WREN,NB,'10-16,37.9649056,-122.6260389
AKN,6/15/2022,"Lumpkin, David",WEBL,AE,'2-20,38.171375,-122.901041
AKN,6/15/2022,"Lumpkin, David",CLSW,NU,'2-20,38.167256,-122.894907
AKN,6/15/2022,"Lumpkin, David",NOFL,NY,'2-20,38.170999,-122.9012
AKN,6/15/2022,"Lumpkin, David",EUST,NY,'2-20,38.170999,-122.9012
AKN,6/17/2022,"DiLuzio, Patricia",ALHU,AE,'9-7,38.0441021,-122.7488582
AKN,6/17/2022,"DiLuzio, Patricia",HOFI,AE,'9-7,38.0442298,-122.7491401
AKN,6/17/2022,"DiLuzio, Patricia",CLSW,AE,'9-7,38.0442598,-122.7492162
AKN,6/17/2022,"DiLuzio, Patricia",BLPH,AE,'9-7,38.0443743,-122.7492185
AKN,6/17/2022,"DiLuzio, Patricia",TRES,AE,'6-20,38.0584611,-122.7651103
AKN,6/17/2022,"DiLuzio, Patricia",CLSW,AE,'6-20,38.0594524,-122.7668805
AKN,6/17/2022,"DiLuzio, Patricia",CLSW,NY,'6-20,38.0594524,-122.7668805
AKN,6/18/2022,"Kelly, Susan",AMCR,NB,'12-22,38.02578,-122.51456
AKN,6/18/2022,"Michl, Lisa",MALL,NE,'12-15,38.0951,-122.5508
AKN,6/20/2022,"Merritt, Alex",COYE,AE,'14-13,37.86136,-122.535869
AKN,6/21/2022,"Brown, Ronald",WEBL,AE,'10-3,37.9729,-122.7302
AKN,6/21/2022,"Sexton, David",MODO,AE,'12-20,38.0418,-122.5213
AKN,6/21/2022,"Weissman, Evan",BARS,AE,'17-13,37.8681148,-122.4349079
AKN,6/21/2022,"Weissman, Evan",CLSW,AE,'17-13,37.8595761,-122.4433146
AKN,6/21/2022,"Weissman, Evan",VGSW,NY,'17-13,37.868628,-122.434524
AKN,6/21/2022,"Weissman, Evan",BUSH,NY,'17-13,37.8644804,-122.4353203
AKN,6/22/2022,"Sexton, David",SNPL,AE,'12-18,38.0674,-122.5174
AKN,6/23/2022,"Hug, Lisa",TRES,AE,'4-11,38.2549,-122.8571
AKN,6/23/2022,"Hug, Lisa",HOSP,AE,'4-11,38.2631,-122.8686
AKN,6/23/2022,"Hug, Lisa",HOFI,NB,'4-11,38.2657,-122.8725
AKN,6/23/2022,"Hug, Lisa",RTHA,NY,'4-11,38.2601,-122.8591
AKN,6/23/2022,"Sexton, David",HOFI,AE,'6-17,38.0706,-122.8028
AKN,6/23/2022,"Silverstein, Sylvie",ROPI,AE,'13-24,37.8944,-122.5184
AKN,6/23/2022,"Silverstein, Sylvie",MODO,AE,'13-24,37.8922,-122.5216
AKN,6/23/2022,"Silverstein, Sylvie",HOFI,AE,'13-24,37.8916,-122.5217
AKN,6/24/2022,"DiLuzio, Patricia",EUST,AE,'9-9,38.0368949,-122.7494693
AKN,6/24/2022,"Hunn, Eugene",CLSW,AE,'9-6,38.065904,-122.713718
AKN,6/24/2022,"Sexton, David",GBHE,AE,'3-10,38.0352,-122.941
AKN,6/24/2022,"Sexton, David",GREG,AE,'3-10,38.0352,-122.941
AKN,6/24/2022,"Silverstein, Sylvie",WEGU,AE,'17-1,37.8587,-122.4783
AKN,6/24/2022,"Silverstein, Sylvie",ACWO,AE,'13-21,37.9156,-122.5371
AKN,6/24/2022,"Silverstein, Sylvie",NOMO,NY,'17-1,37.8591,-122.4835
AKN,6/25/2022,"Kelly, Susan",VGSW,AE,'12-15,38.10099,-122.54024
AKN,6/25/2022,"Zeno, Joseph",CLSW,NY,'12-7,38.0477241,-122.6217616
AKN,6/26/2022,"Scalf, Russell",HOSP,NB,'13-16,37.96531944,-122.4917667
AKN,6/26/2022,"Scalf, Russell",BNST,NE,'13-16,37.96388611,-122.490275
AKN,6/26/2022,"Schriock, Beth",WEBL,AE,'12-17,38.07392,-122.54777
AKN,6/26/2022,"Schriock, Beth",RTHA,NU,'12-17,38.08168,-122.5537
AKN,6/26/2022,"Strauss, Emilie",CALT,NB,'5-21,38.1543139,-122.7839783
AKN,6/27/2022,"Hunn, Eugene",VGSW,AE,'8-20,38.184522,-122.653153
AKN,6/27/2022,"Hunn, Eugene",VGSW,NY,'8-20,38.181857,-122.625472
AKN,6/27/2022,"Hunn, Eugene",BUOR,NY,'8-20,38.184697,-122.653578
AKN,6/27/2022,"Sexton, David",KILL,AE,'13-3,37.9659,-122.6136
AKN,6/27/2022,"Silverstein, Sylvie",RSHA,AE,'13-24,37.8886,-122.5153
AKN,6/27/2022,"Silverstein, Sylvie",DCCO,NB,'13-24,37.8872,-122.5149
AKN,6/27/2022,"Silverstein, Sylvie",HOFI,NB,'13-24,37.882,-122.5171
AKN,6/27/2022,"Silverstein, Sylvie",DCCO,NY,'13-24,37.8872,-122.5149
AKN,6/27/2022,"Silverstein, Sylvie",GBHE,NY,'13-24,37.8872,-122.5149
AKN,6/27/2022,"Silverstein, Sylvie",GREG,NY,'13-24,37.8872,-122.5149
AKN,6/27/2022,"Silverstein, Sylvie",RSHA,NY,'13-24,37.8886,-122.5153
AKN,6/27/2022,"Silverstein, Sylvie",TRES,NY,'13-24,37.8832,-122.5196
AKN,6/27/2022,"Silverstein, Sylvie",BARS,NY,'13-24,37.8842,-122.5208
AKN,6/28/2022,"DiLuzio, Patricia",CLSW,AE,'6-20,38.0503125,-122.7597979
AKN,6/28/2022,"Gedney, Jack",WEBL,AE,'12-4,38.093115,-122.565886
AKN,6/28/2022,"Gedney, Jack",WTKI,NU,'12-4,38.093115,-122.565886
AKN,6/28/2022,"Gedney, Jack",BARS,NY,'12-4,38.08901,-122.572786
AKN,6/29/2022,"Hunn, Eugene",BARS,NU,'8-8,38.196112,-122.705286
AKN,6/29/2022,"Hunn, Eugene",ATFL,NU,'8-8,38.196102,-122.705472
AKN,6/29/2022,"Hunn, Eugene",BLPH,NU,'8-8,38.196231,-122.705593
AKN,6/29/2022,"Hunn, Eugene",HOFI,NU,'8-8,38.196202,-122.705676
AKN,6/29/2022,"Hunn, Eugene",GBHE,NY,'8-8,38.194205,-122.702563
AKN,6/29/2022,"Hunn, Eugene",GREG,NY,'8-8,38.194205,-122.702563
AKN,6/29/2022,"Medley, Jane",HOFI,AE,'12-24,38.0116,-122.5028
AKN,7/1/2022,"Hunn, Eugene",HOFI,NE,'9-6,38.065937,-122.713652
AKN,7/1/2022,"Hunn, Eugene",CLSW,NE,'9-6,38.065902,-122.713722
AKN,7/1/2022,"Kelly, Susan",VGSW,AE,'12-15,38.101,-122.54017
AKN,7/1/2022,"Silverstein, Sylvie",WEFL,AE,'8-12,38.1365,-122.7103
AKN,7/1/2022,"Silverstein, Sylvie",BRBL,NY,'8-12,38.1374,-122.7092
AKN,7/1/2022,"Silverstein, Sylvie",TRES,NY,'8-12,38.1376,-122.7093
AKN,7/1/2022,"Silverstein, Sylvie",CLSW,NY,'8-12,38.1373,-122.7106
AKN,7/1/2022,"Weissman, Evan",VGSW,NY,'17-13,37.86763689,-122.4244006
AKN,7/2/2022,"Gedney, Jack",HOFI,NB,'12-6,38.071204,-122.566393
AKN,7/2/2022,"Schriock, Beth",HOOR,NU,'12-17,38.07081,-122.54587
AKN,7/4/2022,"Hatch, Daphne",TRES,AE,'9-13,38.10909,-122.657267
AKN,7/5/2022,"Sexton, David",CLSW,AE,'3-10,38.0356,-122.9617
AKN,7/5/2022,"Silverstein, Sylvie",ROPI,NY,'17-1,37.8596,-122.4854
AKN,7/5/2022,"Wimpfheimer, David",CLSW,NY,'5-4,38.223545,-122.819234
AKN,7/6/2022,"DiLuzio, Patricia",HOFI,AE,'9-7,38.0442298,-122.7491401
AKN,7/6/2022,"DiLuzio, Patricia",CLSW,AE,'6-20,38.0594524,-122.7668805
AKN,7/6/2022,"DiLuzio, Patricia",LEGO,NB,'6-20,38.0503125,-122.7597979
AKN,7/6/2022,"Lawrence, Rachel",BARS,NY,'3-17,38.0818,-122.9141
AKN,7/6/2022,"Lawrence, Rachel",BHGR,NY,'3-17,38.0743,-122.916
AKN,7/6/2022,"Lawrence, Rachel",TRES,NY,'3-17,38.0716,-122.9173
AKN,7/6/2022,"Lawrence, Rachel",TRES,NY,'3-17,38.07077,-122.9179
AKN,7/6/2022,"Schriock, Beth",CLSW,AE,'12-17,38.08139,-122.54417
AKN,7/6/2022,"Schriock, Beth",WTSW,AE,'12-17,38.08139,-122.54417
AKN,7/6/2022,"Schriock, Beth",CLSW,AE,'12-17,38.08125,-122.54459
AKN,7/6/2022,"Schriock, Beth",WTSW,AE,'12-17,38.08134,-122.54475
AKN,7/7/2022,"Hug, Lisa",TRES,AE,'4-11,38.2547,-122.8572
AKN,7/7/2022,"Hug, Lisa",BLPH,NY,'4-11,38.2549,-122.8576
AKN,7/7/2022,"Sexton, David",WEFL,NY,'6-17,38.0827,-122.8039
AKN,7/8/2022,"DiLuzio, Patricia",VGSW,NY,'9-9,38.0390314,-122.7464465
AKN,7/8/2022,"Kelly, Susan",CLSW,AE,'12-15,38.0879,-122.5357
AKN,7/8/2022,"Kelly, Susan",FOTE,AE,'12-15,38.08796,-122.53579
AKN,7/8/2022,"Kelly, Susan",BNST,AE,'12-15,38.0925,-122.54808
AKN,7/10/2022,"cimino, richard",ATFL,AE,'11-10,38.15211,-122.57126
AKN,7/10/2022,"DiLuzio, Patricia",SPTO,AE,'13-15,37.961693,-122.5562909
AKN,7/11/2022,"Wiskes, Kris",INPE,NY,'12-3,38.093581,-122.60013
AKN,7/12/2022,"Schriock, Beth",DOWO,AE,'12-17,38.07389,-122.55194
AKN,7/12/2022,"Starritt, Jeanine",CLSW,AE,'11-10,38.1525,-122.5713
AKN,7/13/2022,"Hug, Lisa",CLSW,AE,'2-14,38.2458,-122.8942
AKN,7/13/2022,"Waterman, Joyce",LEGO,NB,'12-19,38.04673,-122.56061
AKN,7/14/2022,"Stanton, Heller",NOFL,NY,'13-2,37.98349,-122.58953
AKN,7/14/2022,"Stanton, Heller",RSHA,NY,'13-2,37.9832,-122.58977
AKN,7/14/2022,"Weissman, Evan",ACWO,AE,'17-13,37.85788241,-122.4274755
AKN,4/15/2023,"Flett, MaryAnne",CLSW,AE,'6-19,38.0433,-122.799
AKN,4/15/2023,"Flett, MaryAnne",WEBL,AE,'6-19,38.04488,-122.8025
AKN,4/15/2023,"Flett, MaryAnne",EUST,AE,'6-19,38.0448,-122.8025
AKN,4/15/2023,"Flett, MaryAnne",BARS,NU,'6-19,38.04327,-122.799
AKN,4/15/2023,"Flett, MaryAnne",BLPH,NU,'6-19,38.04483,-122.80366
AKN,4/15/2023,"Silverstein, Sylvie",HOFI,NB,'13-20,37.93729,-122.52361
AKN,4/16/2023,"Hug, Lisa",RTHA,AE,'4-9,38.28071,-122.85758
AKN,4/16/2023,"Longstreth, Carolyn",CORA,AE,'6-3,38.095194,-122.867499
AKN,4/16/2023,"Longstreth, Carolyn",OSPR,AE,'6-3,38.096628,-122.874373
AKN,4/17/2023,"Sexton, David",ROPI,NU,'13-3,37.9648,-122.6142
AKN,4/19/2023,"Weissman, Evan",GHOW,NY,'17-13,37.85939,-122.43926
AKN,4/20/2023,"Sexton, David",CLSW,NB,'6-16,38.084,-122.7802
AKN,4/21/2023,"Lumpkin, David",ABOW,NE,'2-22,38.165611,-122.8991599
AKN,4/21/2023,"Lumpkin, David",ALHU,NE,'2-22,38.1654517,-122.9000745
AKN,4/22/2023,"Wood, Julian",LEGO,NB,'10-13,37.99161,-122.66065
AKN,4/22/2023,"Wood, Julian",ALHU,NE,'10-13,37.99161,-122.66065
AKN,4/23/2023,"Hug, Lisa",LOSH,AE,'4-9,38.2845,-122.85407
AKN,4/23/2023,"Allen, Sarah",VGSW,NB,'3-14,38.124341,-122.884419
AKN,4/23/2023,"Hug, Lisa",EUST,NY,'4-11,38.26944,-122.85903
AKN,4/23/2023,"Hug, Lisa",EUST,NY,'4-9,38.27331,-122.86406
AKN,4/24/2023,"Hunn, Eugene",BLPH,AE,'11-7,38.177685,-122.601825
AKN,4/24/2023,"Hunn, Eugene",HOFI,AE,'11-7,38.175189,-122.605524
AKN,4/24/2023,"Hunn, Eugene",NHWR,NB,'11-7,38.178385,-122.600515
AKN,4/24/2023,"Hunn, Eugene",EUST,NY,'11-7,38.17831,-122.600508
AKN,4/24/2023,"Longstreth, Carolyn",CORA,AE,'6-3,38.095194,-122.867499
AKN,4/24/2023,"Naventi, Christian",BUSH,AE,'6-8,38.0530256,-122.8196326
AKN,4/25/2023,"Hatch, Daphne",BLPH,NB,'9-13,38.1103859,-122.6573559
AKN,4/25/2023,"Hatch, Daphne",TRES,NY,'9-13,38.10909,-122.657267
AKN,4/25/2023,"Hatch, Daphne",EUST,NY,'9-13,38.1108676,-122.6580117
AKN,4/25/2023,"Lumpkin, David",BEKI,AE,'2-20,38.171641,-122.903416
AKN,4/25/2023,"Lumpkin, David",EUST,NY,'2-15,38.21781359,-122.9235933
AKN,4/25/2023,"Sexton, David",HOSP,AE,'6-17,38.0692,-122.8048
AKN,4/25/2023,"Sexton, David",CLSW,NB,'6-17,38.0707,-122.8085
AKN,4/26/2023,"cimino, richard",CLSW,AE,'13-17,37.94997,-122.54507
AKN,4/26/2023,"Hunn, Eugene",HOFI,AE,'8-8,38.196291,-122.705152
AKN,4/26/2023,"Hunn, Eugene",BLPH,AE,'8-8,38.196303,-122.70542
AKN,4/26/2023,"Hunn, Eugene",TRES,AE,'8-8,38.196173,-122.70573
AKN,4/26/2023,"Hunn, Eugene",CALT,NB,'8-8,38.196288,-122.705593
AKN,4/26/2023,"Schriock, Beth",EUST,AE,'12-17,38.07861,-122.55167
AKN,4/26/2023,"Schriock, Beth",EUST,AE,'12-17,38.0825,-122.553889
AKN,4/27/2023,"Clark, Everett",PBGR,AE,'16-3,37.87719,-122.45874
AKN,4/27/2023,"Humple, Diana",AMRO,AE,'6-7,38.056839,-122.845368
AKN,4/27/2023,"Scalf, Russell",BARS,NB,'3-18,38.07236944,-122.9060639
AKN,4/27/2023,"Sexton, David",EUST,AE,'3-10,38.0357,-122.9621
AKN,4/27/2023,"Weissman, Evan",RTHA,AE,'17-13,37.85822,-122.42746
AKN,4/28/2023,"Hug, Lisa",RTHA,AE,'2-14,38.24943,-122.87815
AKN,4/28/2023,"Hug, Lisa",EUST,NY,'2-14,38.24883,-122.87751
AKN,4/28/2023,"Hug, Lisa",TRES,AE,'1-24,38.25125,-122.87874
AKN,4/28/2023,"Hug, Lisa",WEBL,AE,'1-24,38.2515,-122.88156
AKN,4/28/2023,"Hug, Lisa",BLPH,AE,'1-24,38.25072,-122.88232
AKN,4/28/2023,"Hug, Lisa",CLSW,NB,'1-24,38.25211,-122.88232
AKN,4/28/2023,"Hug, Lisa",BLPH,NY,'2-14,38.24473,-122.9057
AKN,4/28/2023,"Hunn, Eugene",CLSW,AE,'8-21,38.161421,-122.675322
AKN,4/29/2023,"Clark, Everett",PBGR,AE,'16-3,37.87719,-122.45874
AKN,4/29/2023,"Gedney, Jack",ACWO,AE,'12-6,38.07494,-122.5758
AKN,4/29/2023,"Sexton, David",DEJU,AE,'13-1,37.9821,-122.5988
AKN,4/29/2023,"Silverstein, Sylvie",CLSW,AE,'13-20,37.92823,-122.52382
AKN,4/29/2023,"Silverstein, Sylvie",CLSW,NB,'13-20,37.92824,-122.52386
AKN,4/30/2023,"Hatch, Daphne",OATI,AE,'9-16,38.100121,-122.635539
AKN,4/30/2023,"Hillan, Kenneth",DEJU,NY,'9-10,38.0324442,-122.6948686
AKN,4/30/2023,"Longstreth, Carolyn",OSPR,AE,'6-3,38.096628,-122.874373
AKN,5/1/2023,"Chilvers, Sandra",EUST,AE,'2-6,38.19056,-122.95583
AKN,5/1/2023,"Flett, MaryAnne",BARS,AE,'6-19,38.04348,-122.78922
AKN,5/1/2023,"Flett, MaryAnne",WEBL,AE,'6-19,38.06065,-122.80801
AKN,5/1/2023,"Flett, MaryAnne",BLPH,NB,'6-19,38.04298,-122.79197
AKN,5/1/2023,"Hunn, Eugene",CLSW,AE,'11-7,38.185184,-122.600931
AKN,5/1/2023,"Hunn, Eugene",CLSW,AE,'11-7,38.18108,-122.603177
AKN,5/1/2023,"lewis, liz",EUST,AE,'2-17,38.19567,-122.91668
AKN,5/2/2023,"Lau, Matt",WCSP,NE,'3-4,38.103253,-122.959677
AKN,5/2/2023,"DeDominic, Ben",HUVI,NB,'12-8,38.062514,-122.5819054
AKN,5/2/2023,"Lau, Matt",CORA,NE,'3-2,38.11865,-122.951585
AKN,5/2/2023,"Silverstein, Sylvie",BNST,AE,'13-20,37.93438,-122.51511
AKN,5/2/2023,"Silverstein, Sylvie",CANG,AE,'13-20,37.93462,-122.51521
AKN,5/4/2023,"Allen, Sarah",BARS,NY,'3-14,38.124797,-122.882273
AKN,5/4/2023,"Edelstein, Daniel",WIWA,AE,'9-11,38.0187979,-122.7318784
AKN,5/4/2023,"Hansen, Mark",HAWO,NU,'6-23,38.017262,-122.804607
AKN,5/4/2023,"Mahoney, Michael",BUSH,AE,'10-17,37.9382577,-122.6867445
AKN,5/4/2023,"Weissman, Evan",RTHA,NY,'17-13,37.85822,-122.42746
AKN,5/5/2023,"Hunn, Eugene",CLSW,AE,'8-20,38.18166,-122.65501
AKN,5/5/2023,"Scalf, Russell",BLPH,AE,'3-18,38.07291111,-122.9054417
AKN,5/5/2023,"Sexton, David",WEFL,AE,'13-1,37.9949,-122.6086
AKN,5/6/2023,"Sexton, David",TRES,AE,'12-13,38.1096,-122.5362
AKN,5/6/2023,"Sexton, David",NOMO,NB,'12-13,38.1077,-122.5372
AKN,5/7/2023,"Bodle, Janet",SOSP,AE,'13-17,37.94731,-122.54385
AKN,5/7/2023,"Bodle, Janet",BHCO,AE,'13-17,37.94731,-122.54385
AKN,5/7/2023,"DeDominic, Ben",ANHU,AE,'12-8,38.0593262,-122.5678734
AKN,5/7/2023,"Schriock, Beth",ACWO,AE,'12-17,38.07861,-122.55167
AKN,5/7/2023,"Schriock, Beth",EUST,AE,'12-17,38.0825,-122.55389
AKN,5/7/2023,"Schriock, Beth",BLPH,NB,'12-17,38.07067,-122.54868
AKN,5/7/2023,"Sexton, David",ANHU,NB,'12-13,38.1228,-122.5507
AKN,5/8/2023,"Bodle, Janet",SOSP,AE,'13-17,37.93789,-122.54327
AKN,5/8/2023,"Bodle, Janet",MODO,NB,'13-17,37.93935,-122.54477
AKN,5/8/2023,"Mortimer, Whitney",BEWR,NB,'2-2,38.215197,-122.951541
AKN,5/8/2023,"Mortimer, Whitney",RTHA,NY,'2-2,38.235332,-122.939516
AKN,5/9/2023,"Clark, Natalie",ANHU,NB,'13-9,37.9142,-122.6205
AKN,5/9/2023,"Flett, MaryAnne",ATFL,AE,'6-19,38.05919,-122.80605
AKN,5/9/2023,"Flett, MaryAnne",TRES,AE,'6-19,38.06046,-122.80709
AKN,5/9/2023,"Flett, MaryAnne",VGSW,AE,'6-19,38.06046,-122.80709
AKN,5/9/2023,"helfman, luanna",HOFI,NB,'6-18,38.0831,-122.7808
AKN,5/9/2023,"Humple, Diana",TRES,NB,'6-12,38.01772,-122.8351
AKN,5/9/2023,"Humple, Diana",PYNU,NB,'6-12,38.017,-122.8366
AKN,5/9/2023,"Hunn, Eugene",CLSW,AE,'9-6,38.063179,-122.705479
AKN,5/9/2023,"Sexton, David",EUST,NY,'3-10,38.0281,-122.9614
AKN,5/9/2023,"Starritt, Jeanine",HOFI,AE,'13-17,37.955496,-122.550425
AKN,5/10/2023,"cimino, richard",HOOR,AE,'13-17,37.948905,-122.54585
AKN,5/10/2023,"Humple, Diana",BHGR,NB,'10-8,37.92688,-122.70081
AKN,5/10/2023,"Humple, Diana",EUST,NY,'10-8,37.93257,-122.70067
AKN,5/10/2023,"Humple, Diana",EUST,NY,'10-8,37.92704,-122.7009
AKN,5/10/2023,"Sexton, David",EUCD,NB,'6-17,38.0718,-122.8072
AKN,5/10/2023,"Silverstein, Sylvie",EUST,NY,'13-20,37.93577,-122.51556
AKN,5/10/2023,"Silverstein, Sylvie",EUST,NY,'13-20,37.93577,-122.51556
AKN,5/11/2023,"Bartling, Don",RSHA,AE,'12-1,38.119292,-122.619612
AKN,5/11/2023,"Bartling, Don",AMRO,AE,'12-1,38.119502,-122.62005
AKN,5/11/2023,"helfman, luanna",BRBL,NB,'6-18,38.0833,-122.7805
AKN,5/11/2023,"helfman, luanna",BARS,NB,'6-18,38.0833,-122.7805
AKN,5/11/2023,"Hug, Lisa",BARS,AE,'2-14,38.24246,-122.88324
AKN,5/11/2023,"Hug, Lisa",CLSW,AE,'2-14,38.24265,-122.88377
AKN,5/11/2023,"Hug, Lisa",EUCD,NB,'2-14,38.24231,-122.8833
AKN,5/11/2023,"Hug, Lisa",BLPH,NY,'2-14,38.24304,-122.88351
AKN,5/11/2023,"Humple, Diana",PYNU,AE,'10-21,37.90464,-122.64146
AKN,5/11/2023,"Scalf, Russell",VGSW,AE,'6-5,38.078848,-122.856563
AKN,5/11/2023,"Sexton, David",CLSW,AE,'6-16,38.084,-122.7802
AKN,5/11/2023,"Sexton, David",BARS,AE,'6-16,38.0835,-122.7805
AKN,5/11/2023,"Sexton, David",HOSP,AE,'6-16,38.0835,-122.7805
AKN,5/11/2023,"Weissman, Evan",ANHU,AE,'17-13,37.86509,-122.43389
AKN,5/11/2023,"Weissman, Evan",PYNU,AE,'17-13,37.86445,-122.43563
AKN,5/12/2023,"Menke, Anne",VGSW,AE,'3-16,38.10343,-122.90224
AKN,5/12/2023,"Menke, Anne",EUST,NY,'3-16,38.10321,-122.90208
AKN,5/12/2023,"Scalf, Russell",AMCR,AE,'13-16,37.97861667,-122.5258972
AKN,5/12/2023,"Stanton, Heller",HAWO,AE,'13-14,37.99082,-122.50903
AKN,5/13/2023,"Flett, MaryAnne",PYNU,AE,'6-19,38.04121,-122.78772
AKN,5/13/2023,"Clark, Everett",EUST,AE,'16-3,37.87713,-122.4591
AKN,5/13/2023,"Dettling, Mark",EUST,NY,'9-12,38.01504,-122.69918
AKN,5/13/2023,"Flett, MaryAnne",BLPH,NU,'6-19,38.04245,-122.78596
AKN,5/13/2023,"Flett, MaryAnne",CLSW,NU,'6-19,38.04245,-122.78596
AKN,5/13/2023,"Flett, MaryAnne",RTHA,NU,'6-19,38.04298,-122.78857
AKN,5/13/2023,"Flett, MaryAnne",EUST,NY,'6-19,38.04394,-122.79205
AKN,5/13/2023,"Gedney, Jack",RSHA,AE,'12-4,38.09408,-122.57481
AKN,5/13/2023,"Gedney, Jack",ACWO,AE,'12-4,38.09227,-122.57978
AKN,5/13/2023,"Hatch, Daphne",VGSW,AE,'9-13,38.111661,-122.656321
AKN,5/13/2023,"Hatch, Daphne",OATI,AE,'9-13,38.108504,-122.656656
AKN,5/13/2023,"Hatch, Daphne",WEBL,AE,'9-13,38.111374,-122.657111
AKN,5/13/2023,"Hatch, Daphne",COYE,NB,'9-13,38.109026,-122.657459
AKN,5/13/2023,"Hillan, Kenneth",BLPH,AE,'9-10,38.03109,-122.70439
AKN,5/13/2023,"Starritt, Jeanine",CLSW,AE,'13-17,37.952543,-122.547875
AKN,5/13/2023,"Starritt, Jeanine",HOOR,AE,'13-17,37.950819,-122.550329
AKN,5/13/2023,"Weissman, Evan",ANHU,AE,'17-13,37.86509,-122.43389
AKN,5/14/2023,"Battagin, Bob",BLPH,AE,'9-24,38.014539,-122.643219
AKN,5/14/2023,"Hillan, Kenneth",WIWA,AE,'9-10,38.030056,-122.6879374
AKN,5/14/2023,"Hillan, Kenneth",WIWA,AE,'9-10,38.03839,-122.68928
AKN,5/14/2023,"Hillan, Kenneth",WEFL,AE,'9-10,38.03021,-122.6907
AKN,5/14/2023,"Hillan, Kenneth",CORA,AE,'9-10,38.0364,-122.69124
AKN,5/14/2023,"Hillan, Kenneth",SOSP,AE,'9-10,38.03515,-122.69794
AKN,5/14/2023,"Hillan, Kenneth",AMRO,AE,'9-10,38.03136,-122.70365
AKN,5/14/2023,"Hillan, Kenneth",RTHA,NY,'9-10,38.03427,-122.6926
AKN,5/14/2023,"Linder, Ann",VGSW,AE,'9-23,38.01929,-122.66595
AKN,5/15/2023,"Humple, Diana",EUST,NY,'6-7,38.04952,-122.86955
AKN,5/15/2023,"Hunn, Eugene",CLSW,AE,'9-6,38.064924,-122.705017
AKN,5/15/2023,"Hunn, Eugene",CLSW,AE,'9-6,38.065061,-122.705106
AKN,5/15/2023,"Hunn, Eugene",RTHA,NY,'9-6,38.063607,-122.704378
AKN,5/15/2023,"Longstreth, Carolyn",EUST,AE,'6-3,38.100982,-122.863677
AKN,5/16/2023,"Bodle, Janet",BEWR,AE,'13-17,37.938736,-122.54509
AKN,5/16/2023,"Bodle, Janet",CBCH,NY,'13-17,37.938395,-122.538932
AKN,5/16/2023,"Bodle, Janet",OATI,NY,'13-17,37.93828,-122.54069
AKN,5/16/2023,"Hunn, Eugene",HOFI,AE,'11-7,38.17816,-122.602678
AKN,5/18/2023,"Battagin, Bob",CLSW,AE,'9-5,38.083304,-122.730163
AKN,5/18/2023,"Battagin, Bob",RWBL,AE,'9-3,38.087499,-122.721717
AKN,5/18/2023,"Battagin, Bob",BLPH,AE,'9-3,38.09689,-122.733365
AKN,5/18/2023,"Battagin, Bob",RTHA,AE,'9-3,38.096165,-122.733872
AKN,5/18/2023,"Dettling, Mark",CLSW,NB,'6-19,38.04334,-122.79884
AKN,5/18/2023,"Dettling, Mark",EUST,NY,'6-19,38.04415,-122.79883
AKN,5/18/2023,"Hudson, Dave",HAWO,NY,'12-5,38.07861,-122.60063
AKN,5/18/2023,"Legge, William",HAWO,AE,'14-14,37.866881,-122.524736
AKN,5/18/2023,"Michl, Lisa",GADW,AE,'12-15,38.091896,-122.5449435
AKN,5/19/2023,"cimino, richard",CLSW,NY,'13-17,37.95094,-122.54876
AKN,5/20/2023,"Longstreth, Carolyn",EUST,AE,'6-3,38.102252,-122.857964
AKN,5/20/2023,"Longstreth, Carolyn",DEJU,AE,'6-3,38.100303,-122.85904
AKN,5/21/2023,"Eyster, Carleton",CORA,AE,'3-21,38.03317,-122.92165
AKN,5/21/2023,"Eyster, Carleton",SNPL,NY,'3-21,38.02911,-122.9079
AKN,5/21/2023,"Schriock, Beth",ACWO,AE,'12-17,38.07758,-122.54823
AKN,5/21/2023,"Schriock, Beth",EUCD,AE,'12-17,38.08028,-122.55139
AKN,5/21/2023,"Schriock, Beth",EUST,AE,'12-17,38.08205,-122.55282
AKN,5/22/2023,"Dettling, Mark",SOSP,NE,'6-19,38.04934,-122.79746
AKN,5/22/2023,"Hatch, Daphne",NHWR,NY,'11-11,38.1380159,-122.6037157
AKN,5/22/2023,"Linder, Ann",CLSW,NU,'9-23,38.01813,-122.67585
AKN,5/22/2023,"Mortimer, Whitney",NOHA,AE,'2-2,38.220834,-122.948679
AKN,5/23/2023,"Chilvers, Sandra",EUST,AE,'2-6,38.18977,-122.95439
AKN,5/23/2023,"Chilvers, Sandra",EUST,AE,'2-6,38.19033,-122.95551
AKN,5/23/2023,"Chilvers, Sandra",EUST,AE,'2-6,38.18977,-122.95551
AKN,5/23/2023,"Chilvers, Sandra",BARS,AE,'2-6,38.18949,-122.95551
AKN,5/23/2023,"Chilvers, Sandra",CLSW,AE,'2-6,38.18977,-122.95583
AKN,5/23/2023,"Longstreth, Carolyn",CORA,AE,'6-3,38.095194,-122.867499
AKN,5/23/2023,"Longstreth, Carolyn",OSPR,NU,'6-3,38.1009833,-122.8636778
AKN,5/23/2023,"MACKENZIE, DAVID",DEJU,AE,'13-10,37.9128,-122.5717
AKN,5/23/2023,"Mortimer, Whitney",CLSW,NB,'2-2,38.249448,-122.944133
AKN,5/23/2023,"Schriock, Beth",CLSW,AE,'12-17,38.08124,-122.54434
AKN,5/24/2023,"Bartling, Don",RSHA,AE,'12-1,38.119292,-122.619612
AKN,5/24/2023,"Bartling, Don",AMRO,AE,'12-1,38.119502,-122.62005
AKN,5/24/2023,"Edelstein, Daniel",ACWO,NB,'9-11,38.0197961,-122.729921
AKN,5/24/2023,"lewis, liz",TRES,AE,'2-17,38.196135,-122.91736
AKN,5/25/2023,"Hudson, Dave",CAQU,NB,'7-14,37.99758,-122.75884
AKN,5/25/2023,"Humple, Diana",BEWR,AE,'6-12,38.01607,-122.81837
AKN,5/25/2023,"Humple, Diana",HAWO,NY,'6-10,38.02386,-122.82297
AKN,5/25/2023,"Humple, Diana",HAWO,NY,'6-10,38.02794,-122.8257
AKN,5/25/2023,"Hunn, Eugene",MUSW,AE,'5-18,38.20644,-122.75491
AKN,5/25/2023,"Hunn, Eugene",BARS,AE,'5-18,38.207036,-122.769339
AKN,5/25/2023,"Silverstein, Sylvie",HAWO,NY,'13-21,37.90528,-122.55298
AKN,5/25/2023,"Silverstein, Sylvie",WIWA,NY,'13-21,37.90465,-122.55465
AKN,5/26/2023,"Hansen, Mark",OSPR,AE,'6-23,38.033393,-122.80238
AKN,5/26/2023,"Hunn, Eugene",EUST,NY,'9-8,38.063015,-122.70016
AKN,5/26/2023,"Dettling, Mark",CLSW,NB,'6-20,38.05954,-122.76661
AKN,5/26/2023,"Hansen, Mark",OSPR,AE,'6-23,38.003685,-122.796905
AKN,5/26/2023,"Hansen, Mark",HAWO,AE,'6-23,38.0116003,-122.80192
AKN,5/26/2023,"Hansen, Mark",BUSH,NY,'6-23,38.016125,-122.80204
AKN,5/26/2023,"Longstreth, Carolyn",ACWO,AE,'6-3,38.094214,-122.866707
AKN,5/27/2023,"Hillan, Kenneth",PUFI,AE,'9-10,38.03011,-122.7082
AKN,5/27/2023,"Hillan, Kenneth",SPTO,NY,'9-10,38.03028,-122.71
AKN,5/27/2023,"Schriock, Beth",EUCD,AE,'12-17,38.08028,-122.55139
AKN,5/27/2023,"Schriock, Beth",EUST,NB,'12-17,38.07861,-122.55167
AKN,5/28/2023,"Hatch, Daphne",WEFL,AE,'9-16,38.1010544,-122.6353286
AKN,5/28/2023,"Hatch, Daphne",WEBL,NY,'9-16,38.1025593,-122.6396429
AKN,5/28/2023,"Hillan, Kenneth",PUFI,AE,'9-10,38.03011,-122.7082
AKN,5/28/2023,"Hillan, Kenneth",CBCH,NY,'9-10,38.02524,-122.69913
AKN,5/28/2023,"Wood, Julian",WIWA,NY,'10-13,37.99147,-122.66089
AKN,5/29/2023,"Brown, Ronald",CLSW,NB,'10-1,37.97919,-122.73537
AKN,5/29/2023,"Hillan, Kenneth",WIWA,NY,'9-10,38.03252,-122.69589
AKN,5/30/2023,"Hug, Lisa",WEBL,AE,'2-14,38.24707,-122.89495
AKN,5/30/2023,"Hug, Lisa",CLSW,AE,'2-14,38.24706,-122.89505
AKN,5/30/2023,"Hug, Lisa",DOWO,NY,'2-14,38.24527,-122.89735
AKN,5/30/2023,"Hug, Lisa",EUST,NY,'2-14,38.24611,-122.90397
AKN,5/30/2023,"lewis, liz",HAWO,NY,'9-19,38.056365,-122.668456
AKN,5/30/2023,"Silverstein, Sylvie",ROPI,AE,'13-20,37.93567,-122.51691
AKN,5/30/2023,"Silverstein, Sylvie",ROPI,AE,'13-20,37.93567,-122.51691
AKN,5/31/2023,"Hatch, Daphne",BLPH,AE,'9-14,38.11251,-122.652909
AKN,5/31/2023,"Hatch, Daphne",AMCR,AE,'9-14,38.11077,-122.655806
AKN,5/31/2023,"Hatch, Daphne",VGSW,NB,'9-14,38.110927,-122.655641
AKN,5/31/2023,"Hatch, Daphne",WBNU,NY,'9-14,38.110877,-122.655725
AKN,6/1/2023,"Allen, Hilary",HAWO,NY,'6-10,38.028802,-122.825689
AKN,6/1/2023,"Dettling, Mark",CASJ,NY,'3-15,38.09336,-122.91404
AKN,6/1/2023,"lewis, liz",EUST,AE,'2-17,38.194368,-122.917491
AKN,6/1/2023,"lewis, liz",WEBL,AE,'2-17,38.195531,-122.91771
AKN,6/1/2023,"lewis, liz",EUST,AE,'2-17,38.194285,-122.917756
AKN,6/1/2023,"lewis, liz",NUWO,AE,'2-17,38.195479,-122.917812
AKN,6/1/2023,"Longstreth, Carolyn",TRES,AE,'6-3,38.093896,-122.872109
AKN,6/1/2023,"White, Jim",WEBL,AE,'10-6,37.943,-122.7066
AKN,6/3/2023,"Hug, Lisa",EUST,AE,'1-22,38.27946,-122.89053
AKN,6/3/2023,"Hug, Lisa",TRES,AE,'1-22,38.27431,-122.90618
AKN,6/3/2023,"Hug, Lisa",NHWR,NY,'1-22,38.28827,-122.8854
AKN,6/3/2023,"Hug, Lisa",BLPH,NY,'1-22,38.2841,-122.88764
AKN,6/3/2023,"Hug, Lisa",BLPH,NY,'1-22,38.28302,-122.88813
AKN,6/3/2023,"Hug, Lisa",EUST,NY,'1-22,38.29128,-122.89929
AKN,6/3/2023,"Linder, Ann",WEFL,NY,'6-21,38.04163,-122.79763
AKN,6/3/2023,"Longstreth, Carolyn",TRES,AE,'6-3,38.090683,-122.874032
AKN,6/3/2023,"Scalf, Russell",CLSW,AE,'13-16,37.96126667,-122.4929722
AKN,6/3/2023,"Silverstein, Sylvie",HOFI,AE,'8-12,38.13704,-122.70965
AKN,6/3/2023,"Silverstein, Sylvie",BARS,AE,'8-12,38.1379,-122.71002
AKN,6/3/2023,"Silverstein, Sylvie",CLSW,NB,'8-12,38.13635,-122.70955
AKN,6/3/2023,"Silverstein, Sylvie",BUOR,NY,'8-12,38.13746,-122.70922
AKN,6/3/2023,"Wiskes, William",BLPH,AE,'9-5,38.07327,-122.71985
AKN,6/3/2023,"Wiskes, William",CLSW,AE,'9-5,38.07327,-122.71985
AKN,6/4/2023,"Hillan, Kenneth",CORA,NY,'9-10,38.03425,-122.69452
AKN,6/5/2023,"Hug, Lisa",TRES,AE,'1-24,38.25049,-122.87859
AKN,6/5/2023,"Hug, Lisa",TRES,AE,'1-24,38.25122,-122.8786
AKN,6/5/2023,"lewis, liz",CLSW,AE,'8-12,38.137198,-122.710649
AKN,6/5/2023,"lewis, liz",BLPH,NY,'8-12,38.137209,-122.71055
AKN,6/5/2023,"Scalf, Russell",HOOR,AE,'13-16,37.96405556,-122.4963833
AKN,6/6/2023,"Allen, Sarah",BARS,NY,'3-14,38.124797,-122.882273
AKN,6/6/2023,"Allen, Sarah",VGSW,NY,'3-14,38.124341,-122.884419
AKN,6/6/2023,"Allen, Sarah",ACWO,NY,'3-14,38.124341,-122.884419
AKN,6/6/2023,"Hatch, Daphne",TRES,AE,'9-13,38.108697,-122.657855
AKN,6/6/2023,"Hatch, Daphne",RWBL,NY,'9-13,38.1090917,-122.6570964
AKN,6/6/2023,"Humple, Diana",ANHU,AE,'6-7,38.04703,-122.85314
AKN,6/6/2023,"Humple, Diana",PYNU,AE,'6-7,38.04743,-122.85361
AKN,6/6/2023,"Humple, Diana",ALHU,AE,'6-7,38.04669,-122.85411
AKN,6/6/2023,"Humple, Diana",PYNU,NY,'6-7,38.04703,-122.85314
AKN,6/6/2023,"Lau, Matt",EUST,AE,'2-12,38.134593,-122.940816
AKN,6/6/2023,"Lau, Matt",GHOW,NE,'2-12,38.13506,-122.94046
AKN,6/6/2023,"Lau, Matt",MALL,NE,'2-12,38.12521,-122.94171
AKN,6/6/2023,"Lau, Matt",KILL,NE,'2-12,38.13858,-122.94936
AKN,6/7/2023,"Allen, Sarah",VGSW,NY,'3-14,38.124341,-122.884419
AKN,6/7/2023,"Clark, Natalie",ANHU,NE,'13-9,37.914216,-122.62052
AKN,6/7/2023,"Gedney, Jack",VGSW,AE,'12-4,38.09701,-122.59022
AKN,6/7/2023,"Humple, Diana",RWBL,NB,'10-8,37.92725,-122.6987
AKN,6/7/2023,"Humple, Diana",WEBL,NY,'10-8,37.92262,-122.69653
AKN,6/7/2023,"Silverstein, Sylvie",VGSW,AE,'13-20,37.92264,-122.51719
AKN,6/8/2023,"Kelly, Susan",MODO,AE,'12-19,38.06036061,-122.5444901
AKN,6/8/2023,"Linder, Ann",WEBL,AE,'9-23,38.014,-122.6574
AKN,6/8/2023,"Menke, Anne",WEBL,AE,'3-16,38.10247,-122.90253
AKN,6/8/2023,"Mortimer, Whitney",HOFI,AE,'2-15,38.22705,-122.917565
AKN,6/8/2023,"Mortimer, Whitney",CLSW,AE,'2-2,38.2495,-122.944454
AKN,6/8/2023,"Mortimer, Whitney",RTHA,NY,'2-15,38.22705,-122.917565
AKN,6/8/2023,"Mortimer, Whitney",RTHA,NY,'2-2,38.235332,-122.939516
AKN,6/9/2023,"Dettling, Mark",CLSW,NB,'10-3,37.97918,-122.73539
AKN,6/9/2023,"Dettling, Mark",EUST,NY,'10-3,37.97918,-122.73539
AKN,6/9/2023,"Hillan, Kenneth",WEBL,NY,'9-10,38.030747,-122.700659
AKN,6/9/2023,"Humple, Diana",SPTO,NB,'10-21,37.90241,-122.64611
AKN,6/9/2023,"Humple, Diana",TRES,NY,'10-8,37.92202,-122.69051
AKN,6/9/2023,"Lumpkin, David",GBHE,NY,'2-17,38.18932,-122.91351
AKN,6/9/2023,"Lumpkin, David",GREG,NY,'2-17,38.18932,-122.91351
AKN,6/9/2023,"Silverstein, Sylvie",BRCR,AE,'13-21,37.9122,-122.53237
AKN,6/10/2023,"Brown, Ronald",EUST,AE,'10-1,37.97948,-122.73545
AKN,6/10/2023,"Brown, Ronald",ACWO,AE,'10-1,37.97948,-122.73545
AKN,6/10/2023,"Scalf, Russell",COYE,NY,'6-9,38.02202,-122.867249
AKN,6/11/2023,"Bartling, Don",TUVU,NY,'12-1,38.113276,-122.618637
AKN,6/11/2023,"Humple, Diana",CORA,NY,'6-20,38.05041,-122.76032
AKN,6/11/2023,"Stanton, Heller",ACWO,AE,'12-12,38.01801,-122.58835
AKN,6/12/2023,"Dettling, Mark",SOSP,NE,'6-19,38.05165,-122.79894
AKN,6/12/2023,"Dettling, Mark",WTKI,NY,'6-19,38.05193,-122.79891
AKN,6/12/2023,"Nigro, Larry",WEBL,AE,'2-24,38.136139,-122.898409
AKN,6/12/2023,"Nigro, Larry",VGSW,NY,'2-24,38.136354,-122.897011
AKN,6/13/2023,"Hatch, Daphne",WEFL,AE,'9-16,38.1010544,-122.6353286
AKN,6/13/2023,"Hatch, Daphne",BARS,AE,'9-16,38.104025,-122.639804
AKN,6/13/2023,"Hatch, Daphne",CLSW,AE,'9-16,38.103974,-122.639814
AKN,6/13/2023,"Hatch, Daphne",TUVU,NY,'9-16,38.1003768,-122.636099
AKN,6/15/2023,"Longstreth, Carolyn",OSPR,NY,'3-16,38.098956,-122.87565
AKN,6/15/2023,"Hug, Lisa",CLSW,AE,'1-21,38.28072,-122.92662
AKN,6/15/2023,"Hug, Lisa",TRES,AE,'1-21,38.28818,-122.9267
AKN,6/15/2023,"Hug, Lisa",EUST,NY,'1-21,38.28634,-122.92662
AKN,6/15/2023,"Hug, Lisa",EUST,NY,'1-21,38.28738,-122.92673
AKN,6/15/2023,"Longstreth, Carolyn",BARS,AE,'6-3,38.102252,-122.857964
AKN,6/15/2023,"Mortimer, Whitney",NRWS,AE,'2-15,38.224893,-122.910115
AKN,6/15/2023,"Mortimer, Whitney",BEKI,AE,'2-15,38.225167,-122.910512
AKN,6/15/2023,"Mortimer, Whitney",RTHA,NU,'2-15,38.226792,-122.909524
AKN,6/15/2023,"Mortimer, Whitney",WITU,NY,'2-15,38.2225,-122.906949
AKN,6/16/2023,"Battagin, Bob",VGSW,AE,'9-24,38.0083515,-122.6350932
AKN,6/16/2023,"Hillan, Kenneth",WREN,NY,'9-10,38.033226,-122.697319
AKN,6/16/2023,"Scalf, Russell",NOFL,AE,'3-18,38.066825,-122.89483
AKN,6/16/2023,"Scalf, Russell",WEBL,AE,'3-18,38.070314,-122.902411
AKN,6/16/2023,"Scalf, Russell",CLSW,NU,'3-18,38.07243056,-122.9061833
AKN,6/16/2023,"Schriock, Beth",MODO,NY,'9-12,38.004167,-122.704444
AKN,6/17/2023,"Brown, Ronald",VGSW,AE,'10-2,37.9967,-122.7062
AKN,6/17/2023,"White, Jim",HOSP,AE,'10-6,37.942,-122.7056
AKN,6/17/2023,"White, Jim",CLSW,AE,'10-6,37.9424,-122.706
AKN,6/17/2023,"White, Jim",BARS,NY,'10-6,37.942,-122.7056
AKN,6/18/2023,"Flett, MaryAnne",CLSW,NY,'6-19,38.04336,-122.79883
AKN,6/18/2023,"Schriock, Beth",VGSW,AE,'12-17,38.08073,-122.55187
AKN,6/18/2023,"Schriock, Beth",VGSW,AE,'12-17,38.08278,-122.55361
AKN,6/19/2023,"Clark, Natalie",WEFL,NY,'10-20,37.934069,-122.636049
AKN,6/19/2023,"Hug, Lisa",CLSW,NY,'5-4,38.22387,-122.82987
AKN,6/19/2023,"lewis, liz",GRSP,NE,'5-2,38.232849,-122.828848
AKN,6/19/2023,"lewis, liz",WEBL,NY,'5-2,38.229331,-122.828808
AKN,6/20/2023,"Lumpkin, David",PYNU,AE,'2-22,38.165346,-122.899679
AKN,6/20/2023,"Lumpkin, David",ABOW,NY,'2-22,38.165626,-122.899198
AKN,6/20/2023,"Lumpkin, David",EUST,NY,'2-22,38.165382,-122.899687
AKN,6/20/2023,"Scalf, Russell",HAWO,NY,'6-5,38.073525,-122.847732
AKN,6/21/2023,"Bartling, Don",RSHA,NY,'12-1,38.119292,-122.619612
AKN,6/21/2023,"Brown, Ronald",CLSW,NB,'10-1,37.9792,-122.7354
AKN,6/21/2023,"Brown, Ronald",BLPH,NY,'10-1,37.9792,-122.7354
AKN,6/21/2023,"Dettling, Mark",SOSP,NE,'2-23,38.127599,-122.9262983
AKN,6/21/2023,"Lau, Matt",GHOW,NE,'2-12,38.135064,-122.940532
AKN,6/21/2023,"Lau, Matt",CAQU,NE,'2-12,38.138685,-122.949361
AKN,6/21/2023,"Lau, Matt",WCSP,NE,'2-12,38.138873,-122.950134
AKN,6/21/2023,"Lau, Matt",CLSW,NY,'2-12,38.133298,-122.940726
AKN,6/21/2023,"lewis, liz",EUST,NY,'2-13,38.244157,-122.933517
AKN,6/21/2023,"Silverstein, Sylvie",WIWA,AE,'13-20,37.9213,-122.52823
AKN,6/21/2023,"Silverstein, Sylvie",RTHA,NY,'13-20,37.92265,-122.52012
AKN,6/22/2023,"helfman, luanna",TRES,NY,'6-18,38.0811,-122.775
AKN,6/22/2023,"helfman, luanna",WEBL,NY,'6-18,38.0811,-122.775
AKN,6/22/2023,"helfman, luanna",BARS,NY,'6-18,38.0811,-122.775
AKN,6/22/2023,"helfman, luanna",CLSW,NY,'6-18,38.0829,-122.7784
AKN,6/22/2023,"helfman, luanna",BLPH,NY,'6-18,38.0829,-122.7784
AKN,6/22/2023,"Scalf, Russell",BARS,NU,'2-6,38.18933889,-122.9547528
AKN,6/22/2023,"Scalf, Russell",WEBL,NY,'2-6,38.18960556,-122.9546722
AKN,6/22/2023,"Scalf, Russell",BARS,NY,'2-6,38.18933889,-122.9547528
AKN,6/22/2023,"Weissman, Evan",VGSW,AE,'17-13,37.86624,-122.43548
AKN,6/23/2023,"Hug, Lisa",VGSW,AE,'1-22,38.28383,-122.88779
AKN,6/23/2023,"Hug, Lisa",WEKI,AE,'1-21,38.27484,-122.93411
AKN,6/23/2023,"Scalf, Russell",PIGU,AE,'2-8,38.180484,-122.965272
AKN,6/23/2023,"Scalf, Russell",PECO,AE,'2-8,38.180484,-122.965272
AKN,6/23/2023,"Scalf, Russell",CORA,NY,'2-8,38.183759,-122.966771
AKN,6/24/2023,"Allen, Sarah",BARS,NY,'3-14,38.124873,-122.882348
AKN,6/24/2023,"Allen, Sarah",ACWO,NY,'3-14,38.123609,-122.884266
AKN,6/24/2023,"Humple, Diana",CEDW,NY,'6-7,38.04661,-122.87126
AKN,6/24/2023,"Schriock, Beth",ACWO,AE,'12-17,38.06722,-122.5575
AKN,6/24/2023,"Schriock, Beth",HOOR,NU,'12-17,38.06967,-122.54918
AKN,6/24/2023,"Sexton, David",TRES,AE,'6-16,38.0935,-122.7729
AKN,6/25/2023,"Bartling, Don",HOFI,AE,'12-1,38.11774,-122.59559
AKN,6/25/2023,"Humple, Diana",CLSW,AE,'6-20,38.04968,-122.75731
AKN,6/25/2023,"Humple, Diana",EUST,NY,'6-20,38.0498,-122.75724
AKN,6/25/2023,"Kelly, Susan",CLSW,AE,'12-14,38.10548869,-122.5120508
AKN,6/26/2023,"Lau, Matt",CORA,NY,'3-2,38.1188,-122.951623
AKN,6/27/2023,"Chilvers, Sandra",CLSW,AE,'2-6,38.1918,-122.96236
AKN,6/27/2023,"Chilvers, Sandra",CLSW,AE,'2-6,38.19152,-122.96292
AKN,6/27/2023,"Chilvers, Sandra",EUST,AE,'2-6,38.1918,-122.96348
AKN,6/27/2023,"Hug, Lisa",HOFI,AE,'1-21,38.28864,-122.92632
AKN,6/28/2023,"Allen, Sarah",VGSW,NY,'3-14,38.124341,-122.884419
AKN,6/28/2023,"Hatch, Daphne",TUVU,NY,'9-16,38.1003768,-122.636099
AKN,6/28/2023,"Hug, Lisa",HOFI,AE,'2-14,38.2454,-122.9051
AKN,6/28/2023,"Hug, Lisa",HOSP,AE,'2-14,38.2452,-122.90521
AKN,6/28/2023,"Scalf, Russell",SPTO,NY,'6-5,38.077846,-122.853276
AKN,6/28/2023,"Schriock, Beth",BEWR,NB,'12-17,38.06642,-122.54722
AKN,6/28/2023,"Schriock, Beth",HOOR,NU,'12-17,38.07081,-122.54587
AKN,6/28/2023,"Sexton, David",BARS,AE,'3-10,38.028,-122.9615
AKN,6/28/2023,"Silverstein, Sylvie",NUWO,NY,'13-20,37.92209,-122.52785
AKN,6/29/2023,"Mortimer, Whitney",BARS,AE,'2-2,38.25004,-122.952999
AKN,6/29/2023,"Mortimer, Whitney",WEBL,NY,'2-2,38.25004,-122.952999
AKN,6/29/2023,"Battagin, Bob",CASJ,AE,'9-24,38.018609,-122.644003
AKN,6/29/2023,"Battagin, Bob",CLSW,NY,'9-24,38.019245,-122.643045
AKN,6/29/2023,"Battagin, Bob",BARS,NY,'9-24,38.019092,-122.643059
AKN,6/29/2023,"Mortimer, Whitney",CLSW,AE,'2-2,38.2495,-122.944454
AKN,6/29/2023,"Mortimer, Whitney",ROPI,AE,'2-2,38.249602,-122.94448
AKN,6/29/2023,"Mortimer, Whitney",SOSP,NY,'2-2,38.216574,-122.949719
AKN,6/29/2023,"Mortimer, Whitney",BEKI,NY,'2-2,38.215673,-122.95073
AKN,6/29/2023,"Scalf, Russell",BARS,NY,'3-13,38.12361667,-122.9352778
AKN,6/29/2023,"Scalf, Russell",BRBL,NY,'2-23,38.126085,-122.936293
AKN,7/1/2023,"Cameron, Heather",TRES,NY,'12-14,38.12388,-122.52055
AKN,7/1/2023,"Cameron, Heather",WEBL,NY,'12-14,38.11972,-122.52222
AKN,7/1/2023,"Gedney, Jack",CASJ,AE,'12-6,38.06972,-122.56432
AKN,7/1/2023,"Humple, Diana",WEBL,NY,'6-7,38.04529,-122.87332
AKN,7/1/2023,"Humple, Diana",VGSW,NY,'6-7,38.04487,-122.87395
AKN,7/3/2023,"Flett, MaryAnne",BRCR,AE,'6-19,38.04393,-122.80383
AKN,7/3/2023,"Flett, MaryAnne",PUMA,AE,'6-19,38.04522,-122.80911
AKN,7/3/2023,"Kelly, Susan",CORA,NU,'2-10,38.16209204,-122.949772
AKN,7/3/2023,"Schriock, Beth",EUST,AE,'12-17,38.0785,-122.552
AKN,7/3/2023,"Schriock, Beth",VGSW,NY,'12-17,38.082778,-122.553611
AKN,7/3/2023,"Sexton, David",BARS,AE,'6-16,38.0834,-122.7804
AKN,7/3/2023,"Sexton, David",BARS,NU,'6-15,38.0857,-122.784
AKN,7/5/2023,"Humple, Diana",CLSW,NY,'10-21,37.89815,-122.64027
AKN,7/6/2023,"Bartling, Don",RTHA,NU,'12-1,38.12135,-122.59831
AKN,7/6/2023,"Dettling, Mark",WEFL,NB,'10-5,37.95653,-122.71963
AKN,7/6/2023,"Dettling, Mark",BTPI,NU,'10-5,37.95145,-122.72121
AKN,7/6/2023,"Nigro, Larry",RTHA,AE,'2-24,38.134697,-122.897891
AKN,7/9/2023,"Schriock, Beth",VGSW,NU,'12-17,38.08255,-122.55328
AKN,7/10/2023,"Hatch, Daphne",COHA,NU,'9-16,38.0994845,-122.6364109
AKN,7/11/2023,"Humple, Diana",CEDW,NY,'6-7,38.04792,-122.86922
AKN,7/13/2023,"Allen, Sarah",WEFL,NY,'3-14,38.122623,-122.880937
AKN,7/13/2023,"Allen, Sarah",BARS,NY,'3-14,38.123609,-122.884266
AKN,7/13/2023,"Humple, Diana",BARS,AE,'10-8,37.91861,-122.71342
AKN,7/13/2023,"Humple, Diana",CLSW,NU,'10-8,37.91861,-122.71342
AKN,7/15/2023,"Starritt, Jeanine",CLSW,AE,'13-17,37.952836,-122.54679
AKN,7/15/2023,"Starritt, Jeanine",CLSW,AE,'13-17,37.952543,-122.547875
AKN,4/4/2024,"Schriock, Beth",MODO,AE,'12-17,38.07055,-122.54892
AKN,4/15/2024,"Lumpkin, David",BUSH,NB,'10-19,37.932045,-122.681063
AKN,4/15/2024,"Lumpkin, David",WEFL,NB,'10-19,37.930841,-122.682638
AKN,4/15/2024,"Lumpkin, David",HUVI,NY,'10-19,37.931683,-122.681542
AKN,4/15/2024,"Perry, Lynn",COHA,AE,'13-23,37.89061,-122.54626
AKN,4/16/2024,"lewis, liz",CLSW,NB,'12-7,38.04787,-122.62147
AKN,4/16/2024,"Nigro, Larry",VGSW,AE,'2-24,38.133997,-122.896478
AKN,4/16/2024,"Nigro, Larry",PISI,NB,'2-24,38.130019,-122.898
AKN,4/16/2024,"Scalf, Russell",CLSW,AE,'9-17,38.07506944,-122.6702556
AKN,4/17/2024,"Humple, Diana",CLSW,AE,'8-7,38.169055,-122.72046
AKN,4/17/2024,"Humple, Diana",HOFI,AE,'8-7,38.178622,-122.73357
AKN,4/17/2024,"Humple, Diana",HOFI,NB,'8-7,38.179393,-122.734494
AKN,4/18/2024,"lewis, liz",CLSW,NB,'12-7,38.047725,-122.621683
AKN,4/19/2024,"Cameron, Heather",TRES,AE,'11-24,38.12666,-122.52916
AKN,4/19/2024,"Hunn, Eugene",BLPH,NY,'8-10,38.152211,-122.710594
AKN,4/19/2024,"Hunn, Eugene",RWBL,NY,'8-10,38.152925,-122.712844
AKN,4/19/2024,"Legge, William",BLPH,AE,'14-14,37.867696,-122.504946
AKN,4/19/2024,"Legge, William",EUST,AE,'14-14,37.872671,-122.50559
AKN,4/19/2024,"Legge, William",BLPH,AE,'14-14,37.873766,-122.506009
AKN,4/19/2024,"Legge, William",AMCR,NB,'14-14,37.8674,-122.503961
AKN,4/19/2024,"Legge, William",RSHA,NY,'14-14,37.869776,-122.527136
AKN,4/20/2024,"Kelly, Susan",CLSW,NB,'5-4,38.22442,-122.82876
AKN,4/21/2024,"Cameron, Heather",TRES,AE,'11-24,38.12666,-122.52916
AKN,4/21/2024,"Elrod, Megan",ANHU,NY,'10-16,37.96721,-122.63125
AKN,4/23/2024,"Hug, Lisa",TRES,AE,'1-10,38.274207,-122.948226
AKN,4/23/2024,"Scalf, Russell",TRES,AE,'9-17,38.07608347,-122.6709213
AKN,4/23/2024,"Scalf, Russell",WEBL,AE,'9-17,38.07609094,-122.6710009
AKN,4/23/2024,"Scalf, Russell",AMRO,NB,'9-17,38.07643169,-122.6730635
AKN,4/23/2024,"Scalf, Russell",WEKI,NB,'9-17,38.067711,-122.673097
AKN,4/23/2024,"Sexton, David",BLPH,AE,'2-20,38.1791,-122.8865
AKN,4/23/2024,"Sexton, David",EUST,AE,'2-20,38.1755,-122.8926
AKN,4/23/2024,"Sexton, David",OCWA,NB,'2-20,38.1839,-122.8804
AKN,4/23/2024,"Sexton, David",RTHA,NE,'2-20,38.1839,-122.8804
AKN,4/23/2024,"Sexton, David",EUCD,NE,'2-20,38.1791,-122.8865
AKN,4/24/2024,"Allen, Sarah",BARS,NE,'3-14,38.123565,-122.882366
AKN,4/25/2024,"lewis, liz",OSPR,NB,'15-11,38.004688,-122.498123
AKN,4/25/2024,"lewis, liz",HOFI,NE,'15-11,38.006149,-122.494568
AKN,4/27/2024,"Hatch, Daphne",TRES,AE,'9-13,38.108685,-122.657846
AKN,4/28/2024,"Sexton, David",DEJU,AE,'13-1,37.9915,-122.5968
AKN,4/30/2024,"Hug, Lisa",RTHA,AE,'1-10,38.28391,-122.94832
AKN,4/30/2024,"Hug, Lisa",CLSW,AE,'1-10,38.27724,-122.94832
AKN,4/30/2024,"lewis, liz",CLSW,NB,'5-9,38.152766,-122.864841
AKN,4/30/2024,"Weissman, Evan",CLSW,AE,'11-10,38.15262,-122.57129
AKN,5/1/2024,"Hatch, Daphne",TRES,AE,'9-13,38.110786,-122.657907
AKN,5/1/2024,"Hillan, Kenneth",WEBL,NB,'9-10,38.0299477,-122.7069261
AKN,5/1/2024,"Sexton, David",EUST,AE,'3-10,38.028,-122.9613
AKN,5/1/2024,"Sexton, David",EUST,AE,'3-10,38.0358,-122.9623
AKN,5/1/2024,"Sexton, David",CLSW,AE,'3-10,38.0384,-122.9628
AKN,5/1/2024,"Sexton, David",CORA,NE,'3-10,38.0355,-122.9619
AKN,5/2/2024,"Sexton, David",BARS,AE,'6-4,38.0998,-122.821
AKN,5/2/2024,"Sexton, David",EUST,AE,'6-4,38.1001,-122.8219
AKN,5/3/2024,"Lau, Matt",KILL,NE,'3-2,38.10689,-122.96025
AKN,5/3/2024,"Sexton, David",TRES,AE,'12-13,38.1234,-122.5586
AKN,5/5/2024,"lewis, liz",WEME,NE,'3-6,38.08232,-122.95962
AKN,5/5/2024,"Flett, MaryAnne",SOSP,NB,'6-22,38.02216,-122.78091
AKN,5/5/2024,"Humple, Diana",OSPR,AE,'10-18,37.94188,-122.64678
AKN,5/5/2024,"Humple, Diana",BLPH,NB,'10-18,37.94023,-122.63841
AKN,5/5/2024,"lewis, liz",EUST,NY,'3-4,38.084509,-122.954444
AKN,5/5/2024,"lewis, liz",BARS,AE,'3-6,38.082392,-122.959856
AKN,5/5/2024,"lewis, liz",BARS,NB,'3-6,38.077717,-122.974591
AKN,5/5/2024,"Sexton, David",GBHE,AE,'3-10,38.0351,-122.941
AKN,5/5/2024,"Sexton, David",GREG,AE,'3-10,38.0351,-122.941
AKN,5/6/2024,"Scalf, Russell",VGSW,AE,'9-18,38.074334,-122.655472
AKN,5/6/2024,"Scalf, Russell",BARS,NB,'9-18,38.074334,-122.655472
AKN,5/6/2024,"Scalf, Russell",WEFL,AE,'9-17,38.07096667,-122.6672222
AKN,5/6/2024,"Scalf, Russell",HAWO,AE,'9-17,38.07185556,-122.6688222
AKN,5/7/2024,"Sexton, David",ROPI,AE,'2-20,38.1791,-122.8862
AKN,5/7/2024,"Sexton, David",AMCR,NB,'2-20,38.1769,-122.89
AKN,5/7/2024,"Sexton, David",ABOW,NY,'2-20,38.1791,-122.8862
AKN,5/8/2024,"Hatch, Daphne",CBCH,NY,'9-16,38.0951568,-122.6395008
AKN,5/8/2024,"Hudson, Dave",BRAC,NE,'7-13,37.98781,-122.81545
AKN,5/8/2024,"Hudson, Dave",WEGU,NE,'7-13,37.98196,-122.80996
AKN,5/9/2024,"Hug, Lisa",BNST,AE,'1-19,38.3125,-122.9357
AKN,5/9/2024,"Hug, Lisa",CORA,AE,'1-10,38.2839,-122.9483
AKN,5/10/2024,"Linder, Ann",RSHA,NY,'9-23,38.0141,-122.675
AKN,5/10/2024,"Sexton, David",BLPH,AE,'12-20,38.0615,-122.5007
AKN,5/10/2024,"Silverstein, Sylvie",CANG,AE,'8-12,38.14535,-122.70652
AKN,5/10/2024,"Silverstein, Sylvie",AMCO,NB,'8-12,38.14403,-122.70691
AKN,5/10/2024,"Silverstein, Sylvie",AMCO,NB,'8-12,38.14403,-122.70691
AKN,5/11/2024,"Bartling, Don",EUST,NY,'12-1,38.11736,-122.60768
AKN,5/11/2024,"Burke, Mary",CBCH,AE,'10-19,37.93212,-122.68125
AKN,5/11/2024,"Burke, Mary",BUSH,AE,'10-19,37.93212,-122.68125
AKN,5/11/2024,"Cimmiyotti, Conner",EUST,AE,'2-1,38.22402,-122.9788
AKN,5/11/2024,"Eyster, Carleton",EUST,NY,'3-21,38.03641,-122.91578
AKN,5/11/2024,"Humple, Diana",EUST,NY,'3-19,38.06053,-122.91933
AKN,5/11/2024,"lewis, liz",HAWO,AE,'16-3,37.888164,-122.448875
AKN,5/11/2024,"Longstreth, Carolyn",BAEA,AE,'6-3,38.0944169,-122.85644
AKN,5/11/2024,"Sexton, David",BARS,AE,'3-10,38.028,-122.9615
AKN,5/12/2024,"Allen, Sarah",HUVI,NY,'3-14,38.122127,-122.891443
AKN,5/12/2024,"Hunn, Eugene",RTHA,NY,'5-13,38.244061,-122.811317
AKN,5/13/2024,"Naventi, Christian",HAWO,NB,'6-8,38.048694,-122.833146
AKN,5/14/2024,"Allen, Sarah",WEGU,AE,'7-18,37.947239,-122.785879
AKN,5/14/2024,"Allen, Sarah",BRAC,AE,'7-18,37.94681645,-122.7859042
AKN,5/14/2024,"Allen, Sarah",PECO,AE,'7-18,37.94681645,-122.7859042
AKN,5/14/2024,"Battagin, Bob",BARS,AE,'6-21,38.040422,-122.788232
AKN,5/14/2024,"Battagin, Bob",CLSW,AE,'6-21,38.040438,-122.788473
AKN,5/14/2024,"Brown, Ronald",CBCH,AE,'10-1,37.98076,-122.73393
AKN,5/14/2024,"Silverstein, Sylvie",EUST,NY,'13-22,37.89808,-122.52482
AKN,5/15/2024,"lewis, liz",CLSW,AE,'2-17,38.194115,-122.91701
AKN,5/15/2024,"lewis, liz",BARS,NB,'2-17,38.194137,-122.917442
AKN,5/15/2024,"lewis, liz",EUST,NY,'2-17,38.194207,-122.917484
AKN,5/15/2024,"Perry, Lynn",RTHA,AE,'14-13,37.859567,-122.533844
AKN,5/16/2024,"Dettling, Mark",ALHU,NY,'10-5,37.9411695,-122.7323411
AKN,5/16/2024,"Flett, MaryAnne",BARS,AE,'6-21,38.04005,-122.80248
AKN,5/16/2024,"Hug, Lisa",CLSW,AE,'5-10,38.1498,-122.822
AKN,5/16/2024,"Hug, Lisa",CLSW,AE,'5-10,38.14903,-122.82244
AKN,5/16/2024,"Hunn, Eugene",DEJU,NY,'5-13,38.2404,-122.806828
AKN,5/16/2024,"Wimpfheimer, David",CLSW,NB,'5-4,38.22551,-122.819232
AKN,5/16/2024,"Wimpfheimer, David",BARS,NY,'5-4,38.22551,-122.819232
AKN,5/18/2024,"Allen, Sarah",WEFL,NE,'3-14,38.12322833,-122.8837716
AKN,5/18/2024,"Bartling, Don",RTHA,NY,'12-1,38.11978,-122.5999
AKN,5/18/2024,"Bartling, Don",RSHA,NY,'12-1,38.11325,-122.61996
AKN,5/18/2024,"Bodle, Janet",ACWO,AE,'13-6,37.947022,-122.593033
AKN,5/18/2024,"Humple, Diana",NOFL,AE,'3-4,38.09594,-122.94707
AKN,5/18/2024,"Humple, Diana",PISI,NB,'3-4,38.09601,-122.94728
AKN,5/18/2024,"Kelly, Susan",RTHA,AE,'2-10,38.1616,-122.9165
AKN,5/19/2024,"Eberhard, Sam",OSPR,AE,'10-15,37.96546,-122.65855
AKN,5/19/2024,"Eberhard, Sam",PUMA,AE,'10-15,37.96316,-122.66531
AKN,5/20/2024,"lewis, liz",BARS,NB,'2-13,38.248858,-122.914574
AKN,5/21/2024,"Cimmiyotti, Conner",EUST,AE,'2-1,38.22398,-122.97884
AKN,5/21/2024,"Scalf, Russell",RSHA,AE,'13-16,37.960841,-122.521606
AKN,5/21/2024,"Sexton, David",BARS,NU,'2-20,38.1793,-122.8864
AKN,5/22/2024,"Clark, Natalie",MODO,NB,'13-9,37.895952,-122.605237
AKN,5/22/2024,"Hillan, Kenneth",CASJ,AE,'9-21,38.0253775,-122.6780961
AKN,5/22/2024,"Sexton, David",CLSW,AE,'6-18,38.0805,-122.7812
AKN,5/22/2024,"Sexton, David",AMKE,AE,'6-17,38.0807,-122.7824
AKN,5/22/2024,"Sexton, David",ABOW,NU,'6-18,38.0805,-122.7812
AKN,5/23/2024,"Humple, Diana",BLPH,NY,'3-20,38.04381,-122.87568
AKN,5/23/2024,"Linder, Ann",WEBL,NY,'9-23,38.01302,-122.66726
AKN,5/23/2024,"Linder, Ann",PYNU,NY,'9-23,38.01409,-122.67191
AKN,5/23/2024,"Sexton, David",BARS,AE,'6-4,38.10064,-122.82219
AKN,5/24/2024,"Bodle, Janet",VGSW,AE,'13-6,37.95476,-122.58153
AKN,5/24/2024,"Cameron, Heather",WEBL,AE,'12-14,38.12333,-122.52138
AKN,5/24/2024,"Kelly, Susan",CASJ,AE,'2-10,38.1524,-122.9391
AKN,5/24/2024,"Kelly, Susan",EUCD,AE,'2-10,38.1524,-122.9392
AKN,5/24/2024,"Linder, Ann",BARS,NY,'6-21,38.04007,-122.80248
AKN,5/24/2024,"Lumpkin, David",ANHU,AE,'10-17,37.9393691,-122.6715812
AKN,5/24/2024,"Lumpkin, David",HAWO,NY,'10-17,37.9393325,-122.6758065
AKN,5/24/2024,"Scalf, Russell",WEBL,AE,'9-18,38.074464,-122.655635
AKN,5/24/2024,"Scalf, Russell",BLPH,NU,'9-18,38.079208,-122.653289
AKN,5/26/2024,"Allen, Sarah",VGSW,NE,'3-14,38.124113,-122.883059
AKN,5/26/2024,"Bartling, Don",HOOR,AE,'12-1,38.11978,-122.5999
AKN,5/26/2024,"Bartling, Don",RTHA,NY,'12-1,38.11978,-122.5999
AKN,5/26/2024,"lewis, liz",CLSW,AE,'5-10,38.1498,-122.822
AKN,5/26/2024,"lewis, liz",RTHA,NY,'5-10,38.149949,-122.8256
AKN,5/26/2024,"Sexton, David",GREG,AE,'3-10,38.0353,-122.941
AKN,5/26/2024,"Sexton, David",GBHE,AE,'3-10,38.0353,-122.941
AKN,5/26/2024,"Sexton, David",EUST,AE,'3-10,38.0353,-122.941
AKN,5/27/2024,"Burke, Mary",CBCH,NU,'10-19,37.93086,-122.68105
AKN,5/27/2024,"Clark, Natalie",CLSW,AE,'12-7,38.047851,-122.621493
AKN,5/27/2024,"Clark, Natalie",BLPH,AE,'12-7,38.047851,-122.621493
AKN,5/27/2024,"Clark, Natalie",CASJ,NY,'12-7,38.054945,-122.617096
AKN,5/27/2024,"Hillan, Kenneth",LASP,AE,'9-22,38.0281952,-122.6487443
AKN,5/27/2024,"Hillan, Kenneth",OATI,AE,'9-10,38.0300769,-122.7064708
AKN,5/27/2024,"Hillan, Kenneth",CASJ,NY,'9-21,38.0262839,-122.6580922
AKN,5/27/2024,"Schriock, Beth",WEGU,AE,'2-8,38.1825,-122.965556
AKN,5/28/2024,"Chilvers, Bob",EUST,AE,'2-6,38.1918,-122.96348
AKN,5/29/2024,"Scalf, Russell",ABOW,AE,'9-17,38.074878,-122.671759
AKN,5/30/2024,"lewis, liz",CORA,AE,'2-18,38.192487,-122.901439
AKN,5/30/2024,"Lumpkin, David",RTHA,AE,'2-20,38.170176,-122.895994
AKN,5/30/2024,"Lumpkin, David",WEBL,AE,'2-20,38.170657,-122.901277
AKN,5/30/2024,"Scalf, Russell",LEGO,NB,'9-17,38.071928,-122.668886
AKN,5/30/2024,"Scalf, Russell",ABOW,NY,'9-17,38.074879,-122.671758
AKN,5/30/2024,"Scalf, Russell",BARS,NY,'9-17,38.075185,-122.672359
AKN,5/30/2024,"Schriock, Beth",CLSW,AE,'12-7,38.047735,-122.621817
AKN,5/31/2024,"Hug, Lisa",CLSW,AE,'1-10,38.27703,-122.94035
AKN,5/31/2024,"Hug, Lisa",WEKI,AE,'1-10,38.27802,-122.94265
AKN,5/31/2024,"Hug, Lisa",CLSW,NB,'1-10,38.27772,-122.94141
AKN,5/31/2024,"Hug, Lisa",TRES,NY,'1-10,38.29147,-122.94807
AKN,5/31/2024,"Kelly, Susan",CORA,AE,'14-15,37.8421,-122.5527
AKN,5/31/2024,"lewis, liz",TRES,AE,'15-11,38.008317,-122.494876
AKN,5/31/2024,"lewis, liz",WBNU,AE,'15-11,38.007605,-122.495194
AKN,5/31/2024,"lewis, liz",ACWO,NY,'15-11,38.00835,-122.49508
AKN,5/31/2024,"Lumpkin, David",TRES,NY,'2-20,38.168218,-122.896641
AKN,5/31/2024,"Lumpkin, David",TRES,NY,'2-22,38.16595,-122.897406
AKN,5/31/2024,"Lumpkin, David",WEBL,NY,'2-22,38.165923,-122.897472
AKN,6/1/2024,"Hatch, Daphne",HAWO,NY,'9-16,38.098315,-122.644
AKN,6/1/2024,"Hug, Lisa",TRES,AE,'5-22,38.16241,-122.77648
AKN,6/1/2024,"Longstreth, Carolyn",ACWO,NE,'6-3,38.088831,-122.849173
AKN,6/2/2024,"Cameron, Heather",WEBL,AE,'11-24,38.12555,-122.52277
AKN,6/2/2024,"lewis, liz",EUST,AE,'3-4,38.09279,-122.94428
AKN,6/2/2024,"lewis, liz",WEBL,AE,'3-4,38.09286,-122.94474
AKN,6/2/2024,"lewis, liz",BARS,AE,'3-4,38.08375,-122.95487
AKN,6/2/2024,"lewis, liz",SAVS,NE,'3-6,38.064535,-122.948709
AKN,6/3/2024,"Bodle, Janet",WIWA,AE,'13-6,37.9569,-122.5778
AKN,6/3/2024,"Bodle, Janet",BGGN,NY,'13-6,37.9579,-122.5759
AKN,6/3/2024,"Bodle, Janet",LEGO,NY,'13-6,37.9579,-122.5759
AKN,6/3/2024,"Flett, MaryAnne",WEBL,AE,'6-24,38.01219,-122.76606
AKN,6/3/2024,"Flett, MaryAnne",PUMA,AE,'6-24,38.0113,-122.76718
AKN,6/3/2024,"lewis, liz",WIWA,AE,'9-20,38.049931,-122.648191
AKN,6/3/2024,"lewis, liz",CALT,NU,'9-20,38.049074,-122.6479993
AKN,6/3/2024,"Perry, Lynn",RTHA,NY,'14-15,37.852147,-122.538233
AKN,6/4/2024,"Hug, Lisa",EUST,AE,'1-23,38.26327,-122.92718
AKN,6/4/2024,"Hug, Lisa",HOSP,AE,'1-23,38.26442,-122.92744
AKN,6/4/2024,"Hug, Lisa",TRES,AE,'1-12,38.26533,-122.94561
AKN,6/4/2024,"Lumpkin, David",BLOY,AE,'2-17,38.19591,-122.933941
AKN,6/4/2024,"Lumpkin, David",DCCO,NY,'2-17,38.197153,-122.935089
AKN,6/5/2024,"Allen, Sarah",VGSW,NE,'3-14,38.124113,-122.88059
AKN,6/5/2024,"Clark, Natalie",VGSW,AE,'13-9,37.912635,-122.609095
AKN,6/5/2024,"Legge, William",ANHU,NU,'14-14,37.869979,-122.526909
AKN,6/5/2024,"lewis, liz",CLSW,AE,'9-13,38.116644,-122.664414
AKN,6/6/2024,"Hillan, Kenneth",WIWA,AE,'9-21,38.024158,-122.6624937
AKN,6/6/2024,"Hillan, Kenneth",BEWR,NY,'9-22,38.0289236,-122.6500351
AKN,6/6/2024,"Humple, Diana",BUSH,NY,'10-10,37.90525,-122.70415
AKN,6/6/2024,"Kelly, Sue",CORA,AE,'2-10,38.1515,-122.9252
AKN,6/6/2024,"Legge, William",HOSP,AE,'14-14,37.86912,-122.50358
AKN,6/6/2024,"Legge, William",HOFI,NY,'14-14,37.86874,-122.50351
AKN,6/6/2024,"lewis, liz",EUST,AE,'2-23,38.135108,-122.912475
AKN,6/7/2024,"Linder, Ann",WEWP,NY,'6-21,38.03858,-122.7858
AKN,6/8/2024,"Battagin, Bob",PYNU,AE,'6-24,38.0158399,-122.7691896
AKN,6/8/2024,"Battagin, Bob",VGSW,AE,'6-24,38.016069,-122.769533
AKN,6/8/2024,"Battagin, Bob",CLSW,AE,'6-24,38.016103,-122.770283
AKN,6/8/2024,"Battagin, Bob",PUMA,AE,'6-24,38.0157997,-122.7750951
AKN,6/8/2024,"Gedney, Jack",BLPH,AE,'12-4,38.08553,-122.58982
AKN,6/8/2024,"Gedney, Jack",BGGN,AE,'12-6,38.07133,-122.59036
AKN,6/8/2024,"Hatch, Daphne",PIWO,NY,'9-16,38.098364,-122.643727
AKN,6/8/2024,"Humple, Diana",ABOW,AE,'8-7,38.17404,-122.72881
AKN,6/8/2024,"Humple, Diana",ABOW,AE,'8-7,38.17924,-122.73456
AKN,6/8/2024,"Humple, Diana",TRES,NY,'8-7,38.17976,-122.73414
AKN,6/9/2024,"Humple, Diana",WEKI,AE,'1-23,38.25197,-122.92426
AKN,6/9/2024,"Humple, Diana",BLPH,AE,'1-23,38.25889,-122.92861
AKN,6/9/2024,"Linder, Ann",WEBL,NY,'9-23,38.01756,-122.67304
AKN,6/9/2024,"Linder, Ann",TRES,NY,'9-23,38.01764,-122.67316
AKN,6/9/2024,"Stanton, Heller",ACWO,AE,'12-12,38.0107,-122.583
AKN,6/10/2024,"Cimmiyotti, Conner",COMU,AE,'2-1,38.22921,-122.98868
AKN,6/10/2024,"Cimmiyotti, Conner",PECO,AE,'2-1,38.24034,-122.99494
AKN,6/10/2024,"Legge, William",OATI,AE,'14-14,37.86949,-122.528541
AKN,6/11/2024,"lewis, liz",PYNU,AE,'5-1,38.248213,-122.865699
AKN,6/11/2024,"Linder, Ann",GBHE,NY,'6-21,38.03594,-122.79131
AKN,6/11/2024,"Weissman, Evan",CLSW,NY,'11-10,38.16315,-122.57513
AKN,6/12/2024,"Hatch, Daphne",WEKI,AE,'9-13,38.111694,-122.656355
AKN,6/12/2024,"lewis, liz",NOFL,NY,'3-4,38.09415,-122.94589
AKN,6/12/2024,"Sexton, David",ATFL,AE,'6-18,38.0708,-122.7785
AKN,6/12/2024,"Sexton, David",TRES,AE,'6-18,38.0708,-122.7785
AKN,6/12/2024,"Sexton, David",WEBL,AE,'6-18,38.0708,-122.7785
AKN,6/12/2024,"Sexton, David",ABOW,NY,'6-18,38.0806,-122.7811
AKN,6/13/2024,"Allen, Sarah",BARS,NY,'3-14,38.123638,-122.882337
AKN,6/13/2024,"Bartling, Don",TUVU,NY,'12-1,38.11333,-122.6182
AKN,6/14/2024,"Scalf, Russell",WEBL,AE,'9-17,38.07095,-122.685472
AKN,6/14/2024,"Scalf, Russell",ACWO,AE,'6-5,38.074138,-122.849966
AKN,6/14/2024,"Scalf, Russell",PYNU,AE,'6-5,38.074309,-122.851613
AKN,6/15/2024,"Clark, Natalie",ACWO,NY,'13-7,37.924619,-122.609339
AKN,6/15/2024,"Hillan, Kenneth",BARS,NB,'9-10,38.0268137,-122.7163246
AKN,6/15/2024,"Hillan, Kenneth",AMCR,NY,'9-10,38.0220734,-122.7024784
AKN,6/15/2024,"Hunn, Eugene",CLSW,NB,'8-10,38.156627,-122.702333
AKN,6/15/2024,"Hunn, Eugene",EUST,NY,'8-10,38.156487,-122.693029
AKN,6/15/2024,"Hunn, Eugene",BRBL,NY,'8-10,38.157996,-122.693044
AKN,6/15/2024,"Hunn, Eugene",EUST,NY,'8-10,38.157451,-122.693253
AKN,6/15/2024,"Hunn, Eugene",EUST,NY,'8-10,38.157847,-122.693397
AKN,6/16/2024,"Hillan, Kenneth",BUSH,AE,'9-10,38.0299826,-122.7061211
AKN,6/16/2024,"Hillan, Kenneth",LASP,AE,'9-10,38.0277069,-122.7142294
AKN,6/16/2024,"Hillan, Kenneth",BARS,AE,'9-10,38.0268137,-122.7163246
AKN,6/16/2024,"Hillan, Kenneth",ATFL,NY,'9-10,38.0295204,-122.706794
AKN,6/16/2024,"Humple, Diana",CLSW,AE,'1-23,38.26295,-122.92794
AKN,6/17/2024,"Cimmiyotti, Conner",COMU,AE,'2-1,38.22921,-122.98868
AKN,6/17/2024,"Cimmiyotti, Conner",PECO,AE,'2-1,38.24034,-122.99494
AKN,6/17/2024,"Hug, Lisa",CLSW,AE,'5-8,38.182285,-122.839238
AKN,6/17/2024,"Hug, Lisa",BRBL,NY,'5-8,38.18233,-122.83917
AKN,6/17/2024,"Hug, Lisa",BARS,NY,'5-8,38.182517,-122.839329
AKN,6/17/2024,"lewis, liz",HOOR,NU,'13-14,37.983705,-122.518081
AKN,6/17/2024,"Sexton, David",CLSW,AE,'6-18,38.0829,-122.7785
AKN,6/18/2024,"Clark, Natalie",NOFL,AE,'13-11,37.890247,-122.621846
AKN,6/18/2024,"Clark, Natalie",BARS,NY,'13-11,37.88338,-122.627155
AKN,6/18/2024,"Eberhard, Sam",PUMA,AE,'10-15,37.96392,-122.66346
AKN,6/18/2024,"Eberhard, Sam",BUSH,NY,'10-15,37.9641,-122.66429
AKN,6/18/2024,"Scalf, Russell",WEFL,NU,'9-18,38.074334,-122.655472
AKN,6/19/2024,"Hillan, Kenneth",WEBL,NY,'9-10,38.0293171,-122.7056058
AKN,6/19/2024,"Hillan, Kenneth",BEWR,NY,'9-10,38.0299839,-122.7060108
AKN,6/19/2024,"Humple, Diana",BLPH,AE,'9-1,38.11596,-122.74501
AKN,6/19/2024,"Humple, Diana",WEFL,NE,'9-1,38.11551,-122.7437
AKN,6/19/2024,"Nigro, Larry",HUVI,NY,'2-24,38.13479,-122.896346
AKN,6/19/2024,"Nigro, Larry",BEKI,NY,'2-24,38.138248,-122.896665
AKN,6/20/2024,"Hillan, Kenneth",VGSW,AE,'9-21,38.0359553,-122.6770084
AKN,6/20/2024,"Hillan, Kenneth",OATI,AE,'9-21,38.0398514,-122.6781648
AKN,6/20/2024,"Hillan, Kenneth",BEWR,AE,'9-21,38.0402435,-122.6784629
AKN,6/20/2024,"Kelly, Susan",WEGU,AE,'2-10,38.16664,-122.95176
AKN,6/20/2024,"Kelly, Susan",PECO,AE,'2-10,38.16664,-122.95176
AKN,6/20/2024,"Sexton, David",CORA,NU,'6-16,38.0869,-122.7529
AKN,6/21/2024,"Kelly, Sue",VGSW,AE,'14-15,37.8343,-122.5331
AKN,6/21/2024,"Kelly, Sue",CLSW,AE,'14-15,37.8361,-122.5432
AKN,6/21/2024,"Kelly, Sue",HOFI,AE,'14-15,37.8361,-122.5432
AKN,6/21/2024,"Silverstein, Sylvie",WEFL,AE,'2-22,38.14591,-122.87835
AKN,6/22/2024,"Gedney, Jack",ACWO,AE,'12-6,38.07515,-122.57573
AKN,6/22/2024,"Hug, Lisa",WEKI,AE,'5-9,38.15167,-122.85744
AKN,6/22/2024,"Hug, Lisa",CLSW,AE,'5-9,38.156199,-122.86343
AKN,6/22/2024,"Hug, Lisa",CLSW,AE,'5-21,38.16581,-122.80869
AKN,6/22/2024,"Humple, Diana",CLSW,AE,'6-20,38.05025,-122.7587
AKN,6/22/2024,"Humple, Diana",WEBL,NY,'6-20,38.05037,-122.75674
AKN,6/24/2024,"Lau, Matt",BARS,NY,'3-2,38.1192052,-122.9512149
AKN,6/26/2024,"Lau, Matt",WCSP,NE,'2-12,38.134447,-122.9389054
AKN,6/26/2024,"Lau, Matt",KILL,NE,'2-12,38.1337143,-122.9403967
AKN,6/26/2024,"Lau, Matt",SAVS,NE,'2-12,38.13054,-122.9419
AKN,6/27/2024,"Sexton, David",WEBL,AE,'6-6,38.0806,-122.8155
AKN,6/28/2024,"Sexton, David",CLSW,AE,'10-18,37.9402,-122.6384
AKN,6/28/2024,"Sexton, David",PUMA,AE,'10-18,37.93966,-122.64937
AKN,6/29/2024,"Scalf, Russell",BARS,AE,'5-8,38.182534,-122.839254
AKN,6/29/2024,"Scalf, Russell",EUCD,NU,'5-8,38.182413,-122.838842
AKN,6/30/2024,"Mortimer, Whitney",WEFL,NY,'13-8,37.91687,-122.57879
AKN,7/1/2024,"Brown, Ronald",CLSW,NB,'10-1,37.979097,-122.735504
AKN,7/1/2024,"Brown, Ronald",EUST,NY,'10-1,37.9795,-122.73539
AKN,7/1/2024,"Cimmiyotti, Conner",COMU,AE,'2-1,38.22921,-122.98868
AKN,7/1/2024,"Cimmiyotti, Conner",PECO,AE,'2-1,38.24034,-122.99494
AKN,7/2/2024,"Bartling, Don",AMRO,AE,'12-1,38.11717,-122.61422
AKN,7/2/2024,"Hillan, Kenneth",WEFL,NY,'9-10,38.0297251,-122.7018876
AKN,7/2/2024,"lewis, liz",CLSW,AE,'12-7,38.047764,-122.621738
AKN,7/8/2024,"Cimmiyotti, Conner",COMU,AE,'2-1,38.22921,-122.98868
AKN,7/8/2024,"Cimmiyotti, Conner",WEGU,AE,'2-1,38.22921,-122.98868
AKN,7/8/2024,"Cimmiyotti, Conner",PECO,AE,'2-1,38.22921,-122.98868
AKN,7/8/2024,"lewis, liz",AMRO,NY,'9-20,38.045155,-122.630415
AKN,7/9/2024,"lewis, liz",BRCR,NY,'9-11,38.019889,-122.726649
AKN,7/10/2024,"Hillan, Kenneth",WEME,NY,'12-9,38.0333331,-122.6192025
AKN,7/10/2024,"Hillan, Kenneth",GRSP,NY,'9-22,38.0360494,-122.6265038
AKN,7/10/2024,"Kelly, Susan",CLSW,AE,'11-12,38.1435,-122.5673
AKN,7/10/2024,"Weissman, Evan",CLSW,AE,'11-10,38.15262,-122.57129
AKN,7/10/2024,"Weissman, Evan",VGSW,NY,'11-10,38.15363,-122.56981
AKN,7/11/2024,"Longstreth, Carolyn",BARS,AE,'6-3,38.103246,-122.857175
AKN,7/11/2024,"Longstreth, Carolyn",CLSW,AE,'6-3,38.103246,-122.857175
AKN,7/13/2024,"Hug, Lisa",VGSW,AE,'3-16,38.10333,-122.90299
AKN,7/13/2024,"Hug, Lisa",BARS,NU,'3-9,38.04089,-122.98049
AKN,7/13/2024,"Hug, Lisa",WEBL,NY,'3-9,38.039975,-122.981694
AKN,7/14/2024,"Cimmiyotti, Conner",COMU,AE,'2-1,38.22921,-122.98868
AKN,7/14/2024,"Cimmiyotti, Conner",WEGU,AE,'2-1,38.22921,-122.98868
AKN,7/14/2024,"Cimmiyotti, Conner",PIGU,AE,'2-1,38.24034,-122.99494
AKN,7/14/2024,"Cimmiyotti, Conner",PECO,AE,'2-1,38.24034,-122.99494
AKN,7/14/2024,"Cimmiyotti, Conner",WEBL,NY,'2-1,38.2238,-122.97904
AKN,7/14/2024,"Hug, Lisa",CLSW,NY,'12-12,38.00587,-122.57408
AKN,7/15/2024,"Allen, Sarah",WEGU,AE,'7-18,37.947239,-122.7859042
AKN,7/15/2024,"Hunn, Eugene",CLSW,NY,'13-18,37.941538,-122.526841
AKN,4/16/2025,"lewis, liz",GREG,AE,'8-19,38.17655,-122.673468
AKN,4/16/2025,"lewis, liz",GBHE,AE,'8-19,38.17655,-122.673468
AKN,4/18/2025,"Clark, Natalie",ACWO,AE,'10-15,37.965055,-122.658319
AKN,4/18/2025,"Clark, Natalie",OSPR,AE,'10-15,37.965047,-122.658577
AKN,4/18/2025,"Clark, Natalie",CANG,AE,'10-15,37.964192,-122.664579
AKN,4/18/2025,"Humple, Diana",EUST,NB,'6-20,38.04745,-122.75292
AKN,4/19/2025,"Stanton, Heller",HOFI,NB,'12-12,38.01913,-122.57645
AKN,4/20/2025,"Schriock, Beth",GREG,NB,'12-17,38.07725,-122.53124
AKN,4/20/2025,"Brown, Ronald",GREG,AE,'13-24,37.887486,-122.514089
AKN,4/20/2025,"Brown, Ronald",DCCO,AE,'13-24,37.887486,-122.514089
AKN,4/20/2025,"Brown, Ronald",GBHE,NY,'13-24,37.887486,-122.514089
AKN,4/20/2025,"Scalf, Russell",VGSW,AE,'6-5,38.078115,-122.855184
AKN,4/22/2025,"Allen, Sarah",WEGU,NB,'7-18,37.947151,-122.785923
AKN,4/22/2025,"Nigro, Larry",BGGN,NB,'12-10,38.03695,-122.5776
AKN,4/25/2025,"Humple, Diana",BUSH,NB,'10-1,37.98514,-122.74921
AKN,4/25/2025,"Scalf, Russell",AMCR,AE,'6-19,38.044042,-122.790973
AKN,4/26/2025,"Hug, Lisa",BARS,AE,'2-6,38.189437,-122.954777
AKN,4/26/2025,"Stanton, Heller",ACWO,AE,'12-12,38.01912,-122.57766
AKN,4/28/2025,"lewis, liz",BUSH,AE,'2-13,38.248168,-122.906753
AKN,4/28/2025,"Weissman, Evan",ACWO,AE,'11-10,38.15372,-122.57357
AKN,4/28/2025,"Weissman, Evan",EUST,AE,'11-10,38.15372,-122.57357
AKN,5/1/2025,"Hug, Lisa",PYNU,AE,'4-12,38.260817,-122.838373
AKN,5/1/2025,"Hug, Lisa",DOWO,NB,'4-12,38.260817,-122.838373
AKN,5/2/2025,"Bartling, Don",RTHA,AE,'12-1,38.12135,-122.59876
AKN,5/2/2025,"Bartling, Don",RSHA,AE,'12-1,38.12191,-122.6054
AKN,5/2/2025,"Bartling, Don",RSHA,AE,'12-1,38.11325,-122.61996
AKN,5/6/2025,"Brown, Ronald",CLSW,AE,'10-1,37.979143,-122.735404
AKN,5/6/2025,"Bartling, Don",DOWO,AE,'12-1,38.11523,-122.60244
AKN,5/7/2025,"lewis, liz",RTHA,AE,'1-23,38.252389,-122.924536
AKN,5/8/2025,"lewis, liz",TRES,AE,'3-13,38.11964,-122.90994
AKN,5/8/2025,"lewis, liz",BARS,NB,'3-13,38.12237,-122.90853
AKN,5/8/2025,"Scalf, Russell",BLPH,AE,'6-19,38.043718,-122.792028
AKN,5/8/2025,"Sexton, David",BARS,AE,'3-10,38.028,-122.9615
AKN,5/9/2025,"lewis, liz",HOFI,AE,'9-19,38.05302,-122.66901
AKN,5/10/2025,"Allen, Sarah",EUST,NY,'3-14,38.124196,-122.884723
AKN,5/12/2025,"Sexton, David",TRES,AE,'13-3,37.9674,-122.6119
AKN,5/13/2025,"Brown, Ronald",CASJ,NY,'10-3,37.97079,-122.73061
AKN,5/13/2025,"Scalf, Russell",BARS,AE,'3-9,38.041402,-122.981069
AKN,5/13/2025,"Scalf, Russell",BARS,NB,'3-7,38.047392,-122.988423
AKN,5/14/2025,"Allen, Sarah",EUST,NY,'3-14,38.123738,-122.88439
AKN,5/14/2025,"Sexton, David",BARS,NU,'3-10,38.028,-122.9615
AKN,5/16/2025,"Humple, Diana",KILL,AE,'3-17,38.08234,-122.9314
AKN,5/16/2025,"lewis, liz",CLSW,AE,'8-21,38.161269,-122.675592
AKN,5/18/2025,"lewis, liz",NUWO,NY,'8-23,38.132764,-122.682243
AKN,5/18/2025,"lewis, liz",CORA,NY,'8-23,38.133642,-122.683919
AKN,5/20/2025,"Clark, Natalie",WAVI,NY,'13-9,37.910147,-122.620596
AKN,5/21/2025,"lewis, liz",CBCH,AE,'9-20,38.051334,-122.64556
AKN,5/21/2025,"lewis, liz",STJA,NY,'9-20,38.053536,-122.64859
AKN,5/21/2025,"Scalf, Russell",NOFL,AE,'3-4,38.084604,-122.954288
AKN,5/21/2025,"Scalf, Russell",COYE,AE,'3-6,38.083179,-122.954303
AKN,5/21/2025,"Scalf, Russell",WCSP,AE,'3-6,38.079097,-122.956428
AKN,5/21/2025,"Scalf, Russell",BARS,NB,'3-4,38.083589,-122.954902
AKN,5/21/2025,"Scalf, Russell",EUST,NY,'3-4,38.084392,-122.954364
AKN,5/21/2025,"Scalf, Russell",BLPH,NY,'3-4,38.083589,-122.954902
AKN,5/22/2025,"Hillan, Kenneth",ANHU,AE,'10-14,37.9957851,-122.6423231
AKN,5/22/2025,"Hillan, Kenneth",PAWR,NY,'10-14,37.9951407,-122.6374633
AKN,5/22/2025,"Hug, Lisa",WEBL,AE,'5-8,38.18218,-122.83942
AKN,5/22/2025,"Mortimer, Whitney",CASJ,NY,'5-7,38.1736111,-122.848056
AKN,5/22/2025,"Scalf, Russell",TRES,AE,'5-6,38.189793,-122.839692
AKN,5/26/2025,"Schriock, Beth",CLSW,AE,'12-7,38.04773,-122.62173
AKN,5/27/2025,"Sexton, David",EUST,NY,'3-10,38.0282,-122.9616
AKN,5/29/2025,"Scalf, Russell",EUST,AE,'2-23,38.129371,-122.905985
AKN,5/29/2025,"Hug, Lisa",TRES,AE,'4-12,38.262,-122.83829
AKN,5/29/2025,"Hug, Lisa",VGSW,AE,'4-12,38.26177,-122.83829
AKN,5/29/2025,"lewis, liz",TRES,AE,'11-21,38.15674,-122.55454
AKN,5/29/2025,"lewis, liz",COYE,AE,'11-21,38.157221,-122.557669
AKN,5/29/2025,"Scalf, Russell",BUSH,AE,'2-23,38.126051,-122.907106
AKN,5/29/2025,"Scalf, Russell",BLPH,AE,'2-23,38.12998,-122.907969
AKN,5/29/2025,"Scalf, Russell",BARS,AE,'2-23,38.12998,-122.907969
AKN,5/29/2025,"Scalf, Russell",CLSW,AE,'2-23,38.12998,-122.907969
AKN,5/30/2025,"lewis, liz",VGSW,AE,'11-9,38.161353,-122.618705
AKN,6/3/2025,"Hug, Lisa",CLSW,AE,'2-18,38.192884,-122.90382
AKN,6/3/2025,"lewis, liz",PYNU,AE,'5-12,38.145846,-122.818844
AKN,6/3/2025,"lewis, liz",CBCH,NY,'5-12,38.14374,-122.815834
AKN,6/3/2025,"Scalf, Russell",EUST,AE,'3-13,38.118954,-122.909263
AKN,6/3/2025,"Scalf, Russell",TRES,AE,'3-13,38.119484,-122.909561
AKN,6/3/2025,"Scalf, Russell",SPTO,AE,'3-13,38.119261,-122.909671
AKN,6/4/2025,"Wimpfheimer, David",BARS,AE,'3-13,38.116825,-122.9256
AKN,6/6/2025,"Schriock, Beth",CLSW,AE,'12-7,38.04773,-122.62173
AKN,6/7/2025,"Mortimer, Whitney",BUSH,NY,'13-8,37.920116,-122.564019
AKN,6/10/2025,"Schriock, Beth",CLSW,AE,'12-7,38.04773,-122.62173
AKN,6/11/2025,"lewis, liz",KILL,NU,'5-5,38.191605,-122.85655
AKN,6/11/2025,"Scalf, Russell",WEBL,AE,'5-6,38.191681,-122.841405
AKN,6/11/2025,"Scalf, Russell",TRES,AE,'5-6,38.191944,-122.842641
AKN,6/12/2025,"Allen, Sarah",WEFL,NE,'3-14,38.122695,-122.881237
AKN,6/12/2025,"Brown, Ronald",WEBL,NY,'13-22,37.90495,-122.52495
AKN,6/13/2025,"Allen, Sarah",VGSW,NE,'3-14,38.124845,-122.883545
AKN,6/13/2025,"Cimmiyotti, Conner",EUST,AE,'2-1,38.22403,-122.97886
AKN,6/13/2025,"Cimmiyotti, Conner",COMU,NE,'2-1,38.229935,-122.994331
AKN,6/13/2025,"Cimmiyotti, Conner",PECO,NE,'2-1,38.229935,-122.994331
AKN,6/16/2025,"lewis, liz",ATFL,NY,'6-2,38.107701,-122.839587
AKN,6/17/2025,"Battagin, Bob",ATFL,NY,'9-4,38.087061,-122.707575
AKN,6/18/2025,"lewis, liz",VGSW,AE,'5-12,38.14576,-122.817208
AKN,6/18/2025,"lewis, liz",EUST,AE,'5-12,38.145771,-122.818759
AKN,6/18/2025,"lewis, liz",CAQU,NY,'5-12,38.145799,-122.817176
AKN,6/19/2025,"Clark, Natalie",ACWO,NY,'13-9,37.910992,-122.624015
AKN,6/23/2025,"Humple, Diana",BARS,AE,'3-15,38.09566,-122.93663
AKN,6/23/2025,"Humple, Diana",CLSW,AE,'3-15,38.09588,-122.93716
AKN,6/25/2025,"lewis, liz",BARS,AE,'2-22,38.161943,-122.893643
AKN,6/25/2025,"Schriock, Beth",CLSW,AE,'12-7,38.04773,-122.62173
AKN,6/28/2025,"lewis, liz",RTHA,NY,'5-20,38.18534,-122.75064
AKN,6/28/2025,"Humple, Diana",HOFI,NU,'5-18,38.18983,-122.77961
AKN,6/29/2025,"Allen, Sarah",WEGU,NY,'3-14,38.12549,-122.881078
AKN,6/29/2025,"Allen, Sarah",VGSW,NY,'3-14,38.12480898,-122.883522
AKN,7/1/2025,"Weissman, Evan",CLSW,NY,'11-10,38.15505,-122.57216
AKN,7/4/2025,"Brown, Ronald",CHSP,NE,'10-1,37.99579,-122.72219
AKN,7/4/2025,"lewis, liz",RBNU,AE,'10-17,37.946237,-122.664983
AKN,7/6/2025,"Humple, Diana",VGSW,AE,'6-12,38.01501,-122.81832
AKN,7/7/2025,"Schriock, Beth",OSPR,NY,'15-11,38.00669,-122.47378
AKN,7/8/2025,"Clark, Natalie",ACWO,NY,'13-9,37.911632,-122.614274
AKN,7/8/2025,"lewis, liz",OSPR,NY,'15-11,38.00669,-122.47378
AKN,7/9/2025,"Brown, Ronald",VGSW,NY,'9-8,38.04977,-122.71203
AKN,7/9/2025,"Brown, Ronald",HOFI,NY,'9-8,38.05058,-122.71293
AKN,7/9/2025,"Brown, Ronald",TRES,NY,'9-8,38.05058,-122.71293
AKN,7/9/2025,"Hillan, Kenneth",VGSW,NY,'10-16,37.9692274,-122.625671
AKN,7/9/2025,"Hillan, Kenneth",WREN,NY,'10-16,37.9633364,-122.6266959
AKN,7/9/2025,"Hillan, Kenneth",RTHA,NY,'10-16,37.961004,-122.629101
AKN,7/9/2025,"Hillan, Kenneth",COHA,NY,'10-16,37.96296,-122.6313871
AKN,7/10/2025,"Allen, Hilary",TRES,AE,'10-19,37.930999,-122.682059
AKN,7/11/2025,"Babicz, Larissa",WIWA,NY,'10-3,37.97423,-122.73763
AKN,7/12/2025,"Humple, Diana",WEGU,AE,'2-1,38.23036,-122.99438
AKN,7/12/2025,"Humple, Diana",PECO,AE,'2-1,38.23955,-122.99561
AKN,7/12/2025,"Humple, Diana",CLSW,NU,'2-6,38.18991,-122.95525
AKN,7/12/2025,"Humple, Diana",BARS,NY,'2-6,38.18935,-122.95472
AKN,7/14/2025,"Babicz, Larissa",AMRO,NY,'6-10,38.03457,-122.82591
AKN,7/15/2025,"lewis, liz",OSPR,NY,'15-11,38.00669,-122.47378